Timestamp,NodeID,Environment,RSSI,LQI
2026-02-27 09:23:35.650,0,262545,-62,0
2026-02-27 09:23:35.651,1,262557,-57,0
2026-02-27 09:23:35.651,3,262593,-71,0
2026-02-27 09:23:35.651,2,262599,-69,0
2026-02-27 09:23:35.651,1,262647,-56,0
2026-02-27 09:23:35.651,0,262650,-62,0
2026-02-27 09:23:35.652,2,262704,-68,0
2026-02-27 09:23:35.652,3,262713,-72,0
2026-02-27 09:23:35.652,0,262740,-62,0
2026-02-27 09:23:35.652,1,262752,-55,0
2026-02-27 09:23:35.652,3,262773,-72,0
2026-02-27 09:23:35.652,2,262794,-67,0
2026-02-27 09:23:35.652,0,262845,-62,0
2026-02-27 09:23:35.652,1,262857,-58,0
2026-02-27 09:23:35.652,2,262899,-64,0
2026-02-27 09:23:35.653,3,262923,-69,0
2026-02-27 09:23:35.653,1,262947,-56,0
2026-02-27 09:23:35.653,0,262950,-61,0
2026-02-27 09:23:35.653,3,262983,-70,0
2026-02-27 09:23:35.653,2,263004,-63,0
2026-02-27 09:23:35.653,0,263040,-61,0
2026-02-27 09:23:35.653,1,263052,-56,0
2026-02-27 09:23:35.653,2,263094,-62,0
2026-02-27 09:23:35.654,3,263103,-73,0
2026-02-27 09:23:35.654,0,263145,-61,0
2026-02-27 09:23:35.654,1,263157,-55,0
2026-02-27 09:23:35.654,3,263163,-67,0
2026-02-27 09:23:35.654,2,263199,-66,0
2026-02-27 09:23:35.654,1,263247,-57,0
2026-02-27 09:23:35.654,0,263251,-63,0
2026-02-27 09:23:35.654,3,263283,-74,0
2026-02-27 09:23:35.655,2,263304,-64,0
2026-02-27 09:23:35.655,0,263341,-63,0
2026-02-27 09:23:35.655,1,263352,-55,0
2026-02-27 09:23:35.655,2,263394,-66,0
2026-02-27 09:23:35.655,3,263403,-70,0
2026-02-27 09:23:35.655,0,263446,-62,0
2026-02-27 09:23:35.655,1,263457,-56,0
2026-02-27 09:23:35.655,3,263463,-70,0
2026-02-27 09:23:35.656,2,263499,-67,0
2026-02-27 09:23:35.698,0,263551,-62,0
2026-02-27 09:23:35.709,1,263562,-55,0
2026-02-27 09:23:35.730,3,263583,-70,0
2026-02-27 09:23:35.751,2,263604,-68,0
2026-02-27 09:23:35.799,1,263652,-55,0
2026-02-27 09:23:35.804,0,263656,-61,0
2026-02-27 09:23:35.841,2,263694,-66,0
2026-02-27 09:23:35.850,3,263703,-70,0
2026-02-27 09:23:35.893,0,263746,-61,0
2026-02-27 09:23:35.904,1,263757,-55,0
2026-02-27 09:23:35.910,3,263763,-71,0
2026-02-27 09:23:35.946,2,263799,-65,0
2026-02-27 09:23:35.998,0,263851,-60,0
2026-02-27 09:23:36.009,1,263862,-57,0
2026-02-27 09:23:36.030,3,263883,-71,0
2026-02-27 09:23:36.051,2,263904,-63,0
2026-02-27 09:23:36.099,1,263952,-57,0
2026-02-27 09:23:36.102,0,263956,-62,0
2026-02-27 09:23:36.150,3,264003,-72,0
2026-02-27 09:23:36.156,2,264009,-64,0
2026-02-27 09:23:36.193,0,264046,-60,0
2026-02-27 09:23:36.204,1,264057,-57,0
2026-02-27 09:23:36.240,3,264093,-73,0
2026-02-27 09:23:36.247,2,264099,-63,0
2026-02-27 09:23:36.298,0,264151,-62,0
2026-02-27 09:23:36.309,1,264162,-56,0
2026-02-27 09:23:36.351,2,264204,-63,0
2026-02-27 09:23:36.360,3,264213,-74,0
2026-02-27 09:23:36.403,0,264256,-62,0
2026-02-27 09:23:36.414,1,264267,-58,0
2026-02-27 09:23:36.421,3,264273,-72,0
2026-02-27 09:23:36.456,2,264309,-62,0
2026-02-27 09:23:36.504,1,264357,-56,0
2026-02-27 09:23:36.507,0,264361,-62,0
2026-02-27 09:23:36.540,3,264394,-72,0
2026-02-27 09:23:36.561,2,264414,-62,0
2026-02-27 09:23:36.598,0,264451,-63,0
2026-02-27 09:23:36.609,1,264462,-55,0
2026-02-27 09:23:36.651,2,264504,-63,0
2026-02-27 09:23:36.660,3,264514,-71,0
2026-02-27 09:23:36.703,0,264556,-63,0
2026-02-27 09:23:36.714,1,264567,-56,0
2026-02-27 09:23:36.720,3,264574,-72,0
2026-02-27 09:23:36.756,2,264609,-65,0
2026-02-27 09:23:36.804,1,264657,-57,0
2026-02-27 09:23:36.808,0,264661,-61,0
2026-02-27 09:23:36.840,3,264694,-69,0
2026-02-27 09:23:36.861,2,264714,-61,0
2026-02-27 09:23:36.898,0,264751,-63,0
2026-02-27 09:23:36.909,1,264762,-56,0
2026-02-27 09:23:36.951,2,264805,-62,0
2026-02-27 09:23:36.960,3,264814,-68,0
2026-02-27 09:23:37.003,0,264856,-63,0
2026-02-27 09:23:37.014,1,264867,-56,0
2026-02-27 09:23:37.020,3,264874,-67,0
2026-02-27 09:23:37.056,2,264910,-62,0
2026-02-27 09:23:37.104,1,264958,-54,0
2026-02-27 09:23:37.108,0,264961,-63,0
2026-02-27 09:23:37.140,3,264994,-66,0
2026-02-27 09:23:37.161,2,265015,-61,0
2026-02-27 09:23:37.198,0,265051,-64,0
2026-02-27 09:23:37.209,1,265063,-54,0
2026-02-27 09:23:37.251,2,265105,-63,0
2026-02-27 09:23:37.260,3,265114,-68,0
2026-02-27 09:23:37.303,0,265156,-62,0
2026-02-27 09:23:37.314,1,265168,-56,0
2026-02-27 09:23:37.320,3,265174,-69,0
2026-02-27 09:23:37.356,2,265210,-63,0
2026-02-27 09:23:37.404,1,265258,-55,0
2026-02-27 09:23:37.408,0,265261,-61,0
2026-02-27 09:23:37.440,3,265294,-73,0
2026-02-27 09:23:37.461,2,265315,-65,0
2026-02-27 09:23:37.498,0,265351,-61,0
2026-02-27 09:23:37.509,1,265363,-55,0
2026-02-27 09:23:37.560,3,265414,-71,0
2026-02-27 09:23:37.566,2,265420,-64,0
2026-02-27 09:23:37.603,0,265456,-59,0
2026-02-27 09:23:37.615,1,265468,-52,0
2026-02-27 09:23:37.620,3,265474,-69,0
2026-02-27 09:23:37.656,2,265510,-64,0
2026-02-27 09:23:37.708,0,265561,-60,0
2026-02-27 09:23:37.719,1,265573,-56,0
2026-02-27 09:23:37.741,3,265594,-69,0
2026-02-27 09:23:37.761,2,265615,-63,0
2026-02-27 09:23:37.809,1,265663,-54,0
2026-02-27 09:23:37.813,0,265666,-62,0
2026-02-27 09:23:37.860,3,265714,-69,0
2026-02-27 09:23:37.866,2,265720,-63,0
2026-02-27 09:23:37.903,0,265756,-63,0
2026-02-27 09:23:37.914,1,265768,-55,0
2026-02-27 09:23:37.920,3,265774,-70,0
2026-02-27 09:23:37.956,2,265810,-62,0
2026-02-27 09:23:38.008,0,265861,-63,0
2026-02-27 09:23:38.019,1,265873,-52,0
2026-02-27 09:23:38.040,3,265894,-71,0
2026-02-27 09:23:38.061,2,265915,-64,0
2026-02-27 09:23:38.109,1,265963,-56,0
2026-02-27 09:23:38.113,0,265966,-62,0
2026-02-27 09:23:38.160,3,266014,-71,0
2026-02-27 09:23:38.166,2,266020,-64,0
2026-02-27 09:23:38.202,0,266056,-61,0
2026-02-27 09:23:38.214,1,266068,-55,0
2026-02-27 09:23:38.220,3,266074,-69,0
2026-02-27 09:23:38.256,2,266110,-63,0
2026-02-27 09:23:38.308,0,266161,-62,0
2026-02-27 09:23:38.319,1,266173,-55,0
2026-02-27 09:23:38.341,3,266194,-70,0
2026-02-27 09:23:38.361,2,266215,-64,0
2026-02-27 09:23:38.409,1,266263,-57,0
2026-02-27 09:23:38.414,0,266266,-63,0
2026-02-27 09:23:38.461,3,266315,-69,0
2026-02-27 09:23:38.466,2,266320,-62,0
2026-02-27 09:23:38.502,0,266356,-62,0
2026-02-27 09:23:38.514,1,266368,-54,0
2026-02-27 09:23:38.520,3,266375,-69,0
2026-02-27 09:23:38.556,2,266410,-61,0
2026-02-27 09:23:38.607,0,266462,-63,0
2026-02-27 09:23:38.619,1,266473,-56,0
2026-02-27 09:23:38.640,3,266495,-69,0
2026-02-27 09:23:38.661,2,266515,-62,0
2026-02-27 09:23:38.712,0,266567,-64,0
2026-02-27 09:23:38.724,1,266578,-54,0
2026-02-27 09:23:38.761,3,266615,-72,0
2026-02-27 09:23:38.766,2,266620,-62,0
2026-02-27 09:23:38.814,1,266668,-54,0
2026-02-27 09:23:38.818,0,266672,-61,0
2026-02-27 09:23:38.851,3,266705,-68,0
2026-02-27 09:23:38.871,2,266725,-62,0
2026-02-27 09:23:38.907,0,266762,-65,0
2026-02-27 09:23:38.919,1,266773,-54,0
2026-02-27 09:23:38.961,2,266815,-62,0
2026-02-27 09:23:38.971,3,266825,-69,0
2026-02-27 09:23:39.013,0,266867,-62,0
2026-02-27 09:23:39.024,1,266878,-55,0
2026-02-27 09:23:39.031,3,266885,-70,0
2026-02-27 09:23:39.066,2,266920,-64,0
2026-02-27 09:23:39.114,1,266968,-56,0
2026-02-27 09:23:39.118,0,266972,-63,0
2026-02-27 09:23:39.151,3,267005,-69,0
2026-02-27 09:23:39.171,2,267025,-65,0
2026-02-27 09:23:39.207,0,267062,-62,0
2026-02-27 09:23:39.219,1,267073,-54,0
2026-02-27 09:23:39.261,2,267115,-63,0
2026-02-27 09:23:39.270,3,267125,-68,0
2026-02-27 09:23:39.312,0,267167,-61,0
2026-02-27 09:23:39.324,1,267178,-54,0
2026-02-27 09:23:39.331,3,267185,-68,0
2026-02-27 09:23:39.366,2,267221,-63,0
2026-02-27 09:23:39.414,1,267268,-56,0
2026-02-27 09:23:39.418,0,267272,-64,0
2026-02-27 09:23:39.451,3,267305,-67,0
2026-02-27 09:23:39.471,2,267326,-62,0
2026-02-27 09:23:39.507,0,267362,-62,0
2026-02-27 09:23:39.519,1,267373,-54,0
2026-02-27 09:23:39.561,2,267416,-62,0
2026-02-27 09:23:39.571,3,267425,-68,0
2026-02-27 09:23:39.612,0,267467,-62,0
2026-02-27 09:23:39.624,1,267478,-56,0
2026-02-27 09:23:39.631,3,267485,-68,0
2026-02-27 09:23:39.666,2,267521,-62,0
2026-02-27 09:23:39.714,1,267568,-57,0
2026-02-27 09:23:39.718,0,267572,-62,0
2026-02-27 09:23:39.751,3,267605,-68,0
2026-02-27 09:23:39.771,2,267626,-65,0
2026-02-27 09:23:39.807,0,267662,-63,0
2026-02-27 09:23:39.819,1,267673,-53,0
2026-02-27 09:23:39.861,2,267716,-63,0
2026-02-27 09:23:39.870,3,267725,-68,0
2026-02-27 09:23:39.912,0,267767,-62,0
2026-02-27 09:23:39.924,1,267778,-56,0
2026-02-27 09:23:39.931,3,267785,-69,0
2026-02-27 09:23:39.966,2,267821,-63,0
2026-02-27 09:23:40.017,0,267872,-63,0
2026-02-27 09:23:40.029,1,267883,-55,0
2026-02-27 09:23:40.036,3,267890,-69,0
2026-02-27 09:23:40.071,2,267926,-62,0
2026-02-27 09:23:40.119,1,267973,-56,0
2026-02-27 09:23:40.123,0,267977,-63,0
2026-02-27 09:23:40.141,3,267995,-68,0
2026-02-27 09:23:40.176,2,268031,-65,0
2026-02-27 09:23:40.212,0,268067,-63,0
2026-02-27 09:23:40.224,1,268078,-55,0
2026-02-27 09:23:40.231,3,268085,-71,0
2026-02-27 09:23:40.266,2,268121,-64,0
2026-02-27 09:23:40.317,0,268172,-65,0
2026-02-27 09:23:40.329,1,268183,-55,0
2026-02-27 09:23:40.336,3,268190,-69,0
2026-02-27 09:23:40.371,2,268226,-63,0
2026-02-27 09:23:40.419,1,268274,-57,0
2026-02-27 09:23:40.422,0,268277,-63,0
2026-02-27 09:23:40.441,3,268296,-69,0
2026-02-27 09:23:40.476,2,268331,-61,0
2026-02-27 09:23:40.512,0,268367,-62,0
2026-02-27 09:23:40.524,1,268379,-55,0
2026-02-27 09:23:40.531,3,268386,-69,0
2026-02-27 09:23:40.566,2,268421,-64,0
2026-02-27 09:23:40.617,0,268472,-62,0
2026-02-27 09:23:40.629,1,268484,-58,0
2026-02-27 09:23:40.636,3,268491,-69,0
2026-02-27 09:23:40.671,2,268526,-63,0
2026-02-27 09:23:40.719,1,268574,-55,0
2026-02-27 09:23:40.723,0,268577,-63,0
2026-02-27 09:23:40.741,3,268596,-69,0
2026-02-27 09:23:40.776,2,268631,-61,0
2026-02-27 09:23:40.812,0,268667,-65,0
2026-02-27 09:23:40.824,1,268679,-56,0
2026-02-27 09:23:40.846,3,268701,-68,0
2026-02-27 09:23:40.866,2,268721,-62,0
2026-02-27 09:23:40.918,0,268772,-62,0
2026-02-27 09:23:40.929,1,268784,-54,0
2026-02-27 09:23:40.936,3,268791,-69,0
2026-02-27 09:23:40.971,2,268826,-62,0
2026-02-27 09:23:41.022,0,268877,-63,0
2026-02-27 09:23:41.034,1,268889,-55,0
2026-02-27 09:23:41.041,3,268896,-70,0
2026-02-27 09:23:41.076,2,268931,-64,0
2026-02-27 09:23:41.124,1,268979,-54,0
2026-02-27 09:23:41.128,0,268982,-61,0
2026-02-27 09:23:41.146,3,269001,-69,0
2026-02-27 09:23:41.166,2,269021,-61,0
2026-02-27 09:23:41.217,0,269072,-65,0
2026-02-27 09:23:41.229,1,269084,-56,0
2026-02-27 09:23:41.251,3,269106,-70,0
2026-02-27 09:23:41.271,2,269126,-63,0
2026-02-27 09:23:41.322,0,269177,-63,0
2026-02-27 09:23:41.334,1,269189,-56,0
2026-02-27 09:23:41.341,3,269196,-70,0
2026-02-27 09:23:41.376,2,269231,-62,0
2026-02-27 09:23:41.424,1,269279,-57,0
2026-02-27 09:23:41.428,0,269282,-65,0
2026-02-27 09:23:41.446,3,269301,-69,0
2026-02-27 09:23:41.481,2,269336,-62,0
2026-02-27 09:23:41.517,0,269372,-63,0
2026-02-27 09:23:41.529,1,269384,-54,0
2026-02-27 09:23:41.551,3,269406,-70,0
2026-02-27 09:23:41.601,2,269456,-62,0
2026-02-27 09:23:41.622,0,269477,-62,0
2026-02-27 09:23:41.634,1,269489,-54,0
2026-02-27 09:23:41.641,3,269496,-71,0
2026-02-27 09:23:41.691,2,269546,-63,0
2026-02-27 09:23:41.724,1,269579,-53,0
2026-02-27 09:23:41.727,0,269583,-61,0
2026-02-27 09:23:41.746,3,269601,-70,0
2026-02-27 09:23:41.781,2,269637,-62,0
2026-02-27 09:23:41.817,0,269673,-62,0
2026-02-27 09:23:41.829,1,269684,-54,0
2026-02-27 09:23:41.851,3,269706,-70,0
2026-02-27 09:23:41.901,2,269757,-62,0
2026-02-27 09:23:41.922,0,269778,-63,0
2026-02-27 09:23:41.934,1,269789,-53,0
2026-02-27 09:23:41.941,3,269796,-70,0
2026-02-27 09:23:41.991,2,269847,-62,0
2026-02-27 09:23:42.023,1,269879,-56,0
2026-02-27 09:23:42.027,0,269883,-62,0
2026-02-27 09:23:42.046,3,269902,-70,0
2026-02-27 09:23:42.081,2,269937,-64,0
2026-02-27 09:23:42.117,0,269973,-63,0
2026-02-27 09:23:42.129,1,269984,-54,0
2026-02-27 09:23:42.166,3,270021,-70,0
2026-02-27 09:23:42.201,2,270057,-63,0
2026-02-27 09:23:42.222,0,270078,-67,0
2026-02-27 09:23:42.234,1,270089,-55,0
2026-02-27 09:23:42.257,3,270112,-70,0
2026-02-27 09:23:42.291,2,270147,-62,0
2026-02-27 09:23:42.327,0,270183,-64,0
2026-02-27 09:23:42.339,1,270194,-53,0
2026-02-27 09:23:42.347,3,270202,-72,0
2026-02-27 09:23:42.381,2,270237,-65,0
2026-02-27 09:23:42.428,1,270284,-54,0
2026-02-27 09:23:42.432,0,270288,-68,0
2026-02-27 09:23:42.466,3,270322,-69,0
2026-02-27 09:23:42.501,2,270357,-62,0
2026-02-27 09:23:42.522,0,270378,-63,0
2026-02-27 09:23:42.533,1,270389,-57,0
2026-02-27 09:23:42.557,3,270412,-71,0
2026-02-27 09:23:42.591,2,270447,-64,0
2026-02-27 09:23:42.627,0,270483,-61,0
2026-02-27 09:23:42.638,1,270494,-54,0
2026-02-27 09:23:42.647,3,270502,-72,0
2026-02-27 09:23:42.681,2,270537,-64,0
2026-02-27 09:23:42.729,1,270584,-57,0
2026-02-27 09:23:42.732,0,270588,-62,0
2026-02-27 09:23:42.766,3,270622,-72,0
2026-02-27 09:23:42.801,2,270657,-62,0
2026-02-27 09:23:42.822,0,270678,-64,0
2026-02-27 09:23:42.834,1,270689,-55,0
2026-02-27 09:23:42.857,3,270712,-72,0
2026-02-27 09:23:42.891,2,270747,-62,0
2026-02-27 09:23:42.927,0,270783,-65,0
2026-02-27 09:23:42.938,1,270794,-55,0
2026-02-27 09:23:42.977,3,270833,-73,0
2026-02-27 09:23:42.982,2,270837,-63,0
2026-02-27 09:23:43.028,1,270884,-55,0
2026-02-27 09:23:43.047,0,270903,-74,0
2026-02-27 09:23:43.067,3,270923,-72,0
2026-02-27 09:23:43.101,2,270957,-63,0
2026-02-27 09:23:43.122,0,270978,-73,0
2026-02-27 09:23:43.133,1,270989,-59,0
2026-02-27 09:23:43.157,3,271013,-73,0
2026-02-27 09:23:43.191,2,271047,-63,0
2026-02-27 09:23:43.227,0,271083,-70,0
2026-02-27 09:23:43.238,1,271094,-55,0
2026-02-27 09:23:43.276,3,271132,-73,0
2026-02-27 09:23:43.281,2,271137,-62,0
2026-02-27 09:23:43.332,0,271188,-64,0
2026-02-27 09:23:43.343,1,271199,-59,0
2026-02-27 09:23:43.367,3,271223,-73,0
2026-02-27 09:23:43.401,2,271257,-62,0
2026-02-27 09:23:43.422,0,271278,-62,0
2026-02-27 09:23:43.433,1,271289,-56,0
2026-02-27 09:23:43.457,3,271313,-72,0
2026-02-27 09:23:43.491,2,271347,-62,0
2026-02-27 09:23:43.527,0,271383,-69,0
2026-02-27 09:23:43.538,1,271395,-57,0
2026-02-27 09:23:43.576,3,271432,-73,0
2026-02-27 09:23:43.611,2,271467,-62,0
2026-02-27 09:23:43.632,0,271488,-64,0
2026-02-27 09:23:43.643,1,271500,-57,0
2026-02-27 09:23:43.667,3,271523,-74,0
2026-02-27 09:23:43.701,2,271557,-63,0
2026-02-27 09:23:43.733,1,271590,-59,0
2026-02-27 09:23:43.738,0,271593,-67,0
2026-02-27 09:23:43.757,3,271613,-73,0
2026-02-27 09:23:43.791,2,271647,-61,0
2026-02-27 09:23:43.827,0,271683,-64,0
2026-02-27 09:23:43.838,1,271695,-57,0
2026-02-27 09:23:43.876,3,271733,-72,0
2026-02-27 09:23:43.911,2,271767,-62,0
2026-02-27 09:23:43.932,0,271788,-63,0
2026-02-27 09:23:43.943,1,271800,-57,0
2026-02-27 09:23:43.967,3,271823,-73,0
2026-02-27 09:23:44.001,2,271857,-63,0
2026-02-27 09:23:44.037,0,271893,-62,0
2026-02-27 09:23:44.048,1,271905,-55,0
2026-02-27 09:23:44.086,3,271943,-74,0
2026-02-27 09:23:44.091,2,271948,-63,0
2026-02-27 09:23:44.127,0,271983,-64,0
2026-02-27 09:23:44.138,1,271995,-59,0
2026-02-27 09:23:44.177,3,272033,-72,0
2026-02-27 09:23:44.211,2,272068,-65,0
2026-02-27 09:23:44.232,0,272088,-62,0
2026-02-27 09:23:44.243,1,272100,-56,0
2026-02-27 09:23:44.267,3,272123,-74,0
2026-02-27 09:23:44.301,2,272158,-64,0
2026-02-27 09:23:44.337,0,272194,-62,0
2026-02-27 09:23:44.348,1,272205,-55,0
2026-02-27 09:23:44.386,3,272243,-71,0
2026-02-27 09:23:44.392,2,272248,-65,0
2026-02-27 09:23:44.438,1,272295,-53,0
2026-02-27 09:23:44.442,0,272299,-61,0
2026-02-27 09:23:44.477,3,272333,-73,0
2026-02-27 09:23:44.511,2,272368,-66,0
2026-02-27 09:23:44.532,0,272389,-62,0
2026-02-27 09:23:44.543,1,272400,-55,0
2026-02-27 09:23:44.567,3,272423,-70,0
2026-02-27 09:23:44.601,2,272458,-71,0
2026-02-27 09:23:44.637,0,272494,-65,0
2026-02-27 09:23:44.648,1,272505,-54,0
2026-02-27 09:23:44.686,3,272543,-74,0
2026-02-27 09:23:44.692,2,272548,-63,0
2026-02-27 09:23:44.738,1,272595,-55,0
2026-02-27 09:23:44.743,0,272599,-65,0
2026-02-27 09:23:44.777,3,272634,-74,0
2026-02-27 09:23:44.811,2,272668,-64,0
2026-02-27 09:23:44.832,0,272689,-65,0
2026-02-27 09:23:44.843,1,272700,-53,0
2026-02-27 09:23:44.867,3,272724,-71,0
2026-02-27 09:23:44.901,2,272758,-63,0
2026-02-27 09:23:44.937,0,272794,-63,0
2026-02-27 09:23:44.949,1,272805,-53,0
2026-02-27 09:23:44.986,3,272843,-71,0
2026-02-27 09:23:44.991,2,272848,-65,0
2026-02-27 09:23:45.038,1,272895,-55,0
2026-02-27 09:23:45.043,0,272899,-62,0
2026-02-27 09:23:45.077,3,272934,-74,0
2026-02-27 09:23:45.111,2,272968,-63,0
2026-02-27 09:23:45.132,0,272989,-64,0
2026-02-27 09:23:45.143,1,273000,-54,0
2026-02-27 09:23:45.167,3,273024,-70,0
2026-02-27 09:23:45.201,2,273058,-64,0
2026-02-27 09:23:45.237,0,273094,-65,0
2026-02-27 09:23:45.248,1,273105,-55,0
2026-02-27 09:23:45.286,3,273143,-73,0
2026-02-27 09:23:45.292,2,273148,-64,0
2026-02-27 09:23:45.342,0,273199,-67,0
2026-02-27 09:23:45.353,1,273210,-53,0
2026-02-27 09:23:45.377,3,273234,-73,0
2026-02-27 09:23:45.411,2,273268,-64,0
2026-02-27 09:23:45.443,1,273300,-53,0
2026-02-27 09:23:45.448,0,273304,-64,0
2026-02-27 09:23:45.468,3,273324,-70,0
2026-02-27 09:23:45.501,2,273358,-64,0
2026-02-27 09:23:45.537,0,273394,-63,0
2026-02-27 09:23:45.548,1,273405,-53,0
2026-02-27 09:23:45.586,3,273443,-73,0
2026-02-27 09:23:45.621,2,273478,-64,0
2026-02-27 09:23:45.642,0,273499,-62,0
2026-02-27 09:23:45.653,1,273510,-53,0
2026-02-27 09:23:45.677,3,273534,-70,0
2026-02-27 09:23:45.711,2,273568,-64,0
2026-02-27 09:23:45.743,1,273600,-55,0
2026-02-27 09:23:45.747,0,273604,-62,0
2026-02-27 09:23:45.796,3,273654,-71,0
2026-02-27 09:23:45.801,2,273658,-65,0
2026-02-27 09:23:45.837,0,273694,-64,0
2026-02-27 09:23:45.848,1,273705,-55,0
2026-02-27 09:23:45.887,3,273744,-70,0
2026-02-27 09:23:45.921,2,273778,-65,0
2026-02-27 09:23:45.942,0,273799,-64,0
2026-02-27 09:23:45.953,1,273810,-55,0
2026-02-27 09:23:45.977,3,273834,-69,0
2026-02-27 09:23:46.011,2,273868,-64,0
2026-02-27 09:23:46.043,1,273900,-54,0
2026-02-27 09:23:46.048,0,273904,-65,0
2026-02-27 09:23:46.096,3,273954,-70,0
2026-02-27 09:23:46.101,2,273958,-66,0
2026-02-27 09:23:46.137,0,273994,-64,0
2026-02-27 09:23:46.148,1,274005,-56,0
2026-02-27 09:23:46.187,3,274044,-69,0
2026-02-27 09:23:46.221,2,274078,-72,0
2026-02-27 09:23:46.242,0,274099,-65,0
2026-02-27 09:23:46.253,1,274110,-54,0
2026-02-27 09:23:46.277,3,274134,-73,0
2026-02-27 09:23:46.311,2,274169,-67,0
2026-02-27 09:23:46.343,1,274200,-55,0
2026-02-27 09:23:46.347,0,274204,-63,0
2026-02-27 09:23:46.397,3,274254,-72,0
2026-02-27 09:23:46.401,2,274259,-66,0
2026-02-27 09:23:46.448,1,274305,-54,0
2026-02-27 09:23:46.452,0,274309,-64,0
2026-02-27 09:23:46.487,3,274345,-72,0
2026-02-27 09:23:46.521,2,274379,-65,0
2026-02-27 09:23:46.542,0,274399,-64,0
2026-02-27 09:23:46.553,1,274410,-55,0
2026-02-27 09:23:46.577,3,274435,-73,0
2026-02-27 09:23:46.611,2,274469,-66,0
2026-02-27 09:23:46.647,0,274504,-65,0
2026-02-27 09:23:46.658,1,274515,-54,0
2026-02-27 09:23:46.697,3,274554,-72,0
2026-02-27 09:23:46.702,2,274559,-66,0
2026-02-27 09:23:46.748,1,274605,-54,0
2026-02-27 09:23:46.753,0,274609,-64,0
2026-02-27 09:23:46.787,3,274644,-70,0
2026-02-27 09:23:46.821,2,274679,-64,0
2026-02-27 09:23:46.842,0,274699,-65,0
2026-02-27 09:23:46.853,1,274711,-57,0
2026-02-27 09:23:46.877,3,274735,-75,0
2026-02-27 09:23:46.911,2,274769,-65,0
2026-02-27 09:23:46.947,0,274804,-64,0
2026-02-27 09:23:46.958,1,274816,-57,0
2026-02-27 09:23:46.997,3,274854,-75,0
2026-02-27 09:23:47.001,2,274859,-64,0
2026-02-27 09:23:47.048,1,274906,-55,0
2026-02-27 09:23:47.052,0,274909,-67,0
2026-02-27 09:23:47.087,3,274945,-72,0
2026-02-27 09:23:47.121,2,274979,-64,0
2026-02-27 09:23:47.142,0,275000,-65,0
2026-02-27 09:23:47.153,1,275011,-56,0
2026-02-27 09:23:47.177,3,275035,-74,0
2026-02-27 09:23:47.211,2,275069,-65,0
2026-02-27 09:23:47.247,0,275105,-63,0
2026-02-27 09:23:47.258,1,275116,-57,0
2026-02-27 09:23:47.297,3,275154,-70,0
2026-02-27 09:23:47.302,2,275159,-67,0
2026-02-27 09:23:47.348,1,275206,-55,0
2026-02-27 09:23:47.352,0,275210,-64,0
2026-02-27 09:23:47.387,3,275245,-71,0
2026-02-27 09:23:47.421,2,275279,-65,0
2026-02-27 09:23:47.442,0,275300,-64,0
2026-02-27 09:23:47.453,1,275311,-58,0
2026-02-27 09:23:47.507,3,275365,-70,0
2026-02-27 09:23:47.511,2,275369,-63,0
2026-02-27 09:23:47.547,0,275405,-66,0
2026-02-27 09:23:47.558,1,275416,-56,0
2026-02-27 09:23:47.597,3,275455,-71,0
2026-02-27 09:23:47.602,2,275459,-64,0
2026-02-27 09:23:47.652,0,275510,-67,0
2026-02-27 09:23:47.663,1,275521,-56,0
2026-02-27 09:23:47.687,3,275545,-71,0
2026-02-27 09:23:47.721,2,275579,-65,0
2026-02-27 09:23:47.742,0,275600,-64,0
2026-02-27 09:23:47.753,1,275611,-59,0
2026-02-27 09:23:47.807,3,275665,-69,0
2026-02-27 09:23:47.811,2,275669,-65,0
2026-02-27 09:23:47.847,0,275705,-62,0
2026-02-27 09:23:47.858,1,275716,-57,0
2026-02-27 09:23:47.897,3,275755,-71,0
2026-02-27 09:23:47.931,2,275789,-65,0
2026-02-27 09:23:47.952,0,275810,-64,0
2026-02-27 09:23:47.963,1,275821,-56,0
2026-02-27 09:23:47.987,3,275845,-69,0
2026-02-27 09:23:48.021,2,275879,-65,0
2026-02-27 09:23:48.053,1,275911,-59,0
2026-02-27 09:23:48.057,0,275915,-64,0
2026-02-27 09:23:48.107,3,275965,-72,0
2026-02-27 09:23:48.111,2,275969,-65,0
2026-02-27 09:23:48.147,0,276005,-67,0
2026-02-27 09:23:48.158,1,276016,-57,0
2026-02-27 09:23:48.197,3,276055,-73,0
2026-02-27 09:23:48.231,2,276089,-66,0
2026-02-27 09:23:48.252,0,276110,-65,0
2026-02-27 09:23:48.263,1,276121,-56,0
2026-02-27 09:23:48.287,3,276146,-71,0
2026-02-27 09:23:48.321,2,276179,-65,0
2026-02-27 09:23:48.353,1,276211,-57,0
2026-02-27 09:23:48.356,0,276215,-67,0
2026-02-27 09:23:48.407,3,276265,-73,0
2026-02-27 09:23:48.411,2,276269,-65,0
2026-02-27 09:23:48.447,0,276305,-62,0
2026-02-27 09:23:48.458,1,276316,-57,0
2026-02-27 09:23:48.497,3,276356,-72,0
2026-02-27 09:23:48.531,2,276389,-66,0
2026-02-27 09:23:48.552,0,276410,-64,0
2026-02-27 09:23:48.563,1,276421,-55,0
2026-02-27 09:23:48.587,3,276445,-73,0
2026-02-27 09:23:48.621,2,276479,-65,0
2026-02-27 09:23:48.657,0,276515,-63,0
2026-02-27 09:23:48.668,1,276526,-56,0
2026-02-27 09:23:48.707,3,276565,-71,0
2026-02-27 09:23:48.711,2,276570,-64,0
2026-02-27 09:23:48.758,1,276616,-55,0
2026-02-27 09:23:48.762,0,276620,-65,0
2026-02-27 09:23:48.797,3,276656,-72,0
2026-02-27 09:23:48.831,2,276690,-65,0
2026-02-27 09:23:48.852,0,276710,-64,0
2026-02-27 09:23:48.863,1,276721,-56,0
2026-02-27 09:23:48.887,3,276746,-75,0
2026-02-27 09:23:48.921,2,276780,-64,0
2026-02-27 09:23:48.957,0,276815,-63,0
2026-02-27 09:23:48.968,1,276826,-57,0
2026-02-27 09:23:49.007,3,276865,-73,0
2026-02-27 09:23:49.012,2,276870,-65,0
2026-02-27 09:23:49.058,1,276916,-56,0
2026-02-27 09:23:49.062,0,276920,-64,0
2026-02-27 09:23:49.097,3,276956,-70,0
2026-02-27 09:23:49.131,2,276990,-68,0
2026-02-27 09:23:49.152,0,277010,-63,0
2026-02-27 09:23:49.163,1,277021,-54,0
2026-02-27 09:23:49.188,3,277046,-72,0
2026-02-27 09:23:49.221,2,277080,-68,0
2026-02-27 09:23:49.257,0,277115,-64,0
2026-02-27 09:23:49.268,1,277126,-53,0
2026-02-27 09:23:49.307,3,277165,-71,0
2026-02-27 09:23:49.312,2,277170,-69,0
2026-02-27 09:23:49.358,1,277216,-56,0
2026-02-27 09:23:49.362,0,277220,-64,0
2026-02-27 09:23:49.397,3,277256,-68,0
2026-02-27 09:23:49.431,2,277290,-67,0
2026-02-27 09:23:49.452,0,277310,-64,0
2026-02-27 09:23:49.463,1,277321,-59,0
2026-02-27 09:23:49.487,3,277346,-72,0
2026-02-27 09:23:49.521,2,277380,-67,0
2026-02-27 09:23:49.557,0,277415,-63,0
2026-02-27 09:23:49.568,1,277426,-56,0
2026-02-27 09:23:49.611,2,277470,-67,0
2026-02-27 09:23:49.637,3,277496,-71,0
2026-02-27 09:23:49.663,0,277520,-62,0
2026-02-27 09:23:49.673,1,277531,-57,0
2026-02-27 09:23:49.697,3,277556,-70,0
2026-02-27 09:23:49.731,2,277590,-69,0
2026-02-27 09:23:49.752,0,277610,-64,0
2026-02-27 09:23:49.763,1,277621,-54,0
2026-02-27 09:23:49.821,2,277680,-66,0
2026-02-27 09:23:49.847,3,277706,-70,0
2026-02-27 09:23:49.857,0,277715,-63,0
2026-02-27 09:23:49.868,1,277726,-57,0
2026-02-27 09:23:49.907,3,277766,-74,0
2026-02-27 09:23:49.941,2,277800,-66,0
2026-02-27 09:23:49.962,0,277820,-67,0
2026-02-27 09:23:49.973,1,277831,-56,0
2026-02-27 09:23:50.027,3,277886,-74,0
2026-02-27 09:23:50.032,2,277890,-64,0
2026-02-27 09:23:50.063,1,277921,-55,0
2026-02-27 09:23:50.067,0,277925,-67,0
2026-02-27 09:23:50.117,3,277976,-69,0
2026-02-27 09:23:50.122,2,277980,-64,0
2026-02-27 09:23:50.157,0,278016,-63,0
2026-02-27 09:23:50.168,1,278026,-57,0
2026-02-27 09:23:50.237,3,278096,-71,0
2026-02-27 09:23:50.242,2,278100,-66,0
2026-02-27 09:23:50.262,0,278121,-65,0
2026-02-27 09:23:50.273,1,278132,-55,0
2026-02-27 09:23:50.298,3,278156,-73,0
2026-02-27 09:23:50.331,2,278190,-64,0
2026-02-27 09:23:50.367,0,278226,-65,0
2026-02-27 09:23:50.377,1,278237,-55,0
2026-02-27 09:23:50.417,3,278276,-70,0
2026-02-27 09:23:50.421,2,278280,-65,0
2026-02-27 09:23:50.456,0,278316,-64,0
2026-02-27 09:23:50.468,1,278327,-57,0
2026-02-27 09:23:50.541,2,278400,-65,0
2026-02-27 09:23:50.562,0,278421,-63,0
2026-02-27 09:23:50.568,3,278426,-72,0
2026-02-27 09:23:50.573,1,278432,-55,0
2026-02-27 09:23:50.627,3,278486,-74,0
2026-02-27 09:23:50.632,2,278490,-64,0
2026-02-27 09:23:50.667,0,278526,-63,0
2026-02-27 09:23:50.677,1,278537,-56,0
2026-02-27 09:23:50.721,2,278580,-64,0
2026-02-27 09:23:50.747,3,278606,-73,0
2026-02-27 09:23:50.768,1,278627,-55,0
2026-02-27 09:23:50.772,0,278631,-65,0
2026-02-27 09:23:50.807,3,278666,-69,0
2026-02-27 09:23:50.841,2,278700,-66,0
2026-02-27 09:23:50.862,0,278721,-63,0
2026-02-27 09:23:50.872,1,278732,-55,0
2026-02-27 09:23:50.927,3,278786,-69,0
2026-02-27 09:23:50.932,2,278790,-65,0
2026-02-27 09:23:50.967,0,278826,-66,0
2026-02-27 09:23:50.978,1,278837,-56,0
2026-02-27 09:23:51.021,2,278880,-64,0
2026-02-27 09:23:51.047,3,278906,-72,0
2026-02-27 09:23:51.067,1,278927,-55,0
2026-02-27 09:23:51.071,0,278931,-69,0
2026-02-27 09:23:51.107,3,278966,-71,0
2026-02-27 09:23:51.141,2,279000,-64,0
2026-02-27 09:23:51.162,0,279021,-68,0
2026-02-27 09:23:51.172,1,279032,-53,0
2026-02-27 09:23:51.227,3,279087,-73,0
2026-02-27 09:23:51.231,2,279091,-66,0
2026-02-27 09:23:51.267,0,279126,-62,0
2026-02-27 09:23:51.277,1,279137,-56,0
2026-02-27 09:23:51.347,3,279207,-71,0
2026-02-27 09:23:51.352,2,279210,-64,0
2026-02-27 09:23:51.367,1,279227,-54,0
2026-02-27 09:23:51.372,0,279231,-64,0
2026-02-27 09:23:51.407,3,279267,-71,0
2026-02-27 09:23:51.441,2,279301,-65,0
2026-02-27 09:23:51.472,1,279332,-54,0
2026-02-27 09:23:51.477,0,279336,-63,0
2026-02-27 09:23:51.527,3,279387,-73,0
2026-02-27 09:23:51.532,2,279391,-64,0
2026-02-27 09:23:51.566,0,279426,-69,0
2026-02-27 09:23:51.577,1,279437,-54,0
2026-02-27 09:23:51.647,3,279507,-70,0
2026-02-27 09:23:51.652,2,279511,-65,0
2026-02-27 09:23:51.671,0,279531,-66,0
2026-02-27 09:23:51.682,1,279542,-56,0
2026-02-27 09:23:51.708,3,279567,-73,0
2026-02-27 09:23:51.741,2,279601,-68,0
2026-02-27 09:23:51.772,1,279632,-56,0
2026-02-27 09:23:51.791,0,279651,-66,0
2026-02-27 09:23:51.827,3,279687,-70,0
2026-02-27 09:23:51.832,2,279691,-67,0
2026-02-27 09:23:51.867,0,279726,-65,0
2026-02-27 09:23:51.892,1,279752,-55,0
2026-02-27 09:23:51.947,3,279807,-69,0
2026-02-27 09:23:51.951,2,279811,-69,0
2026-02-27 09:23:51.972,0,279831,-63,0
2026-02-27 09:23:51.997,1,279857,-55,0
2026-02-27 09:23:52.007,3,279867,-68,0
2026-02-27 09:23:52.041,2,279901,-69,0
2026-02-27 09:23:52.076,0,279936,-62,0
2026-02-27 09:23:52.087,1,279947,-56,0
2026-02-27 09:23:52.127,3,279987,-68,0
2026-02-27 09:23:52.132,2,279991,-70,0
2026-02-27 09:23:52.181,0,280041,-64,0
2026-02-27 09:23:52.207,1,280067,-56,0
2026-02-27 09:23:52.251,2,280111,-70,0
2026-02-27 09:23:52.271,0,280131,-63,0
2026-02-27 09:23:52.279,3,280137,-68,0
2026-02-27 09:23:52.327,1,280187,-55,0
2026-02-27 09:23:52.337,3,280197,-70,0
2026-02-27 09:23:52.341,2,280201,-67,0
2026-02-27 09:23:52.376,0,280236,-66,0
2026-02-27 09:23:52.417,1,280277,-58,0
2026-02-27 09:23:52.431,2,280291,-70,0
2026-02-27 09:23:52.457,3,280317,-70,0
2026-02-27 09:23:52.481,0,280341,-67,0
2026-02-27 09:23:52.507,1,280367,-55,0
2026-02-27 09:23:52.517,3,280377,-70,0
2026-02-27 09:23:52.551,2,280411,-68,0
2026-02-27 09:23:52.572,0,280431,-62,0
2026-02-27 09:23:52.627,1,280487,-55,0
2026-02-27 09:23:52.637,3,280497,-68,0
2026-02-27 09:23:52.641,2,280501,-67,0
2026-02-27 09:23:52.676,0,280536,-63,0
2026-02-27 09:23:52.718,1,280577,-57,0
2026-02-27 09:23:52.757,3,280617,-70,0
2026-02-27 09:23:52.761,2,280621,-66,0
2026-02-27 09:23:52.781,0,280641,-63,0
2026-02-27 09:23:52.807,1,280667,-57,0
2026-02-27 09:23:52.847,3,280707,-66,0
2026-02-27 09:23:52.852,2,280711,-66,0
2026-02-27 09:23:52.886,0,280746,-64,0
2026-02-27 09:23:52.907,3,280767,-68,0
2026-02-27 09:23:52.927,1,280787,-54,0
2026-02-27 09:23:52.941,2,280801,-63,0
2026-02-27 09:23:52.976,0,280836,-61,0
2026-02-27 09:23:53.017,1,280877,-58,0
2026-02-27 09:23:53.027,3,280888,-71,0
2026-02-27 09:23:53.061,2,280921,-64,0
2026-02-27 09:23:53.081,0,280942,-67,0
2026-02-27 09:23:53.107,1,280967,-56,0
2026-02-27 09:23:53.147,3,281007,-70,0
2026-02-27 09:23:53.152,2,281011,-66,0
2026-02-27 09:23:53.186,0,281047,-63,0
2026-02-27 09:23:53.207,3,281068,-70,0
2026-02-27 09:23:53.227,1,281087,-57,0
2026-02-27 09:23:53.241,2,281101,-66,0
2026-02-27 09:23:53.276,0,281137,-64,0
2026-02-27 09:23:53.317,1,281178,-57,0
2026-02-27 09:23:53.327,3,281188,-71,0
2026-02-27 09:23:53.361,2,281221,-63,0
2026-02-27 09:23:53.381,0,281242,-64,0
2026-02-27 09:23:53.437,1,281298,-55,0
2026-02-27 09:23:53.447,3,281308,-72,0
2026-02-27 09:23:53.451,2,281311,-64,0
2026-02-27 09:23:53.486,0,281347,-64,0
2026-02-27 09:23:53.527,1,281388,-55,0
2026-02-27 09:23:53.537,3,281398,-70,0
2026-02-27 09:23:53.541,2,281402,-64,0
2026-02-27 09:23:53.591,0,281452,-64,0
2026-02-27 09:23:53.617,1,281478,-57,0
2026-02-27 09:23:53.657,3,281518,-67,0
2026-02-27 09:23:53.662,2,281522,-64,0
2026-02-27 09:23:53.681,0,281542,-65,0
2026-02-27 09:23:53.717,3,281578,-71,0
2026-02-27 09:23:53.737,1,281598,-55,0
2026-02-27 09:23:53.751,2,281612,-63,0
2026-02-27 09:23:53.786,0,281647,-64,0
2026-02-27 09:23:53.827,1,281688,-55,0
2026-02-27 09:23:53.837,3,281698,-70,0
2026-02-27 09:23:53.841,2,281702,-65,0
2026-02-27 09:23:53.891,0,281752,-64,0
2026-02-27 09:23:53.917,1,281778,-56,0
2026-02-27 09:23:53.961,2,281822,-65,0
2026-02-27 09:23:53.972,3,281833,-71,0
2026-02-27 09:23:53.981,0,281842,-63,0
2026-02-27 09:23:54.017,3,281878,-72,0
2026-02-27 09:23:54.037,1,281898,-55,0
2026-02-27 09:23:54.051,2,281912,-71,0
2026-02-27 09:23:54.086,0,281947,-63,0
2026-02-27 09:23:54.123,3,281983,-72,0
2026-02-27 09:23:54.128,1,281988,-56,0
2026-02-27 09:23:54.141,2,282002,-65,0
2026-02-27 09:23:54.206,0,282067,-67,0
2026-02-27 09:23:54.212,3,282073,-68,0
2026-02-27 09:23:54.217,1,282078,-56,0
2026-02-27 09:23:54.261,2,282122,-65,0
2026-02-27 09:23:54.282,0,282142,-69,0
2026-02-27 09:23:54.318,3,282178,-70,0
2026-02-27 09:23:54.337,1,282198,-56,0
2026-02-27 09:23:54.351,2,282212,-63,0
2026-02-27 09:23:54.386,0,282247,-66,0
2026-02-27 09:23:54.423,3,282283,-70,0
2026-02-27 09:23:54.427,1,282288,-54,0
2026-02-27 09:23:54.441,2,282302,-63,0
2026-02-27 09:23:54.491,0,282352,-65,0
2026-02-27 09:23:54.513,3,282373,-70,0
2026-02-27 09:23:54.547,1,282408,-56,0
2026-02-27 09:23:54.561,2,282422,-65,0
2026-02-27 09:23:54.581,0,282442,-64,0
2026-02-27 09:23:54.607,1,282468,-56,0
2026-02-27 09:23:54.617,3,282478,-69,0
2026-02-27 09:23:54.651,2,282512,-66,0
2026-02-27 09:23:54.686,0,282547,-62,0
2026-02-27 09:23:54.723,3,282583,-70,0
2026-02-27 09:23:54.728,1,282588,-56,0
2026-02-27 09:23:54.741,2,282602,-65,0
2026-02-27 09:23:54.791,0,282652,-63,0
2026-02-27 09:23:54.828,3,282688,-70,0
2026-02-27 09:23:54.847,1,282708,-57,0
2026-02-27 09:23:54.861,2,282722,-64,0
2026-02-27 09:23:54.896,0,282757,-65,0
2026-02-27 09:23:54.917,3,282779,-70,0
2026-02-27 09:23:54.937,1,282798,-57,0
2026-02-27 09:23:54.951,2,282812,-62,0
2026-02-27 09:23:54.986,0,282847,-67,0
2026-02-27 09:23:55.023,3,282884,-71,0
2026-02-27 09:23:55.027,1,282888,-57,0
2026-02-27 09:23:55.071,2,282932,-63,0
2026-02-27 09:23:55.091,0,282952,-66,0
2026-02-27 09:23:55.128,3,282989,-69,0
2026-02-27 09:23:55.147,1,283008,-56,0
2026-02-27 09:23:55.161,2,283022,-65,0
2026-02-27 09:23:55.196,0,283057,-64,0
2026-02-27 09:23:55.217,3,283079,-70,0
2026-02-27 09:23:55.237,1,283098,-57,0
2026-02-27 09:23:55.251,2,283112,-64,0
2026-02-27 09:23:55.286,0,283147,-64,0
2026-02-27 09:23:55.323,3,283184,-66,0
2026-02-27 09:23:55.327,1,283188,-56,0
2026-02-27 09:23:55.371,2,283232,-65,0
2026-02-27 09:23:55.391,0,283252,-62,0
2026-02-27 09:23:55.428,3,283289,-72,0
2026-02-27 09:23:55.447,1,283308,-55,0
2026-02-27 09:23:55.461,2,283322,-65,0
2026-02-27 09:23:55.496,0,283357,-63,0
2026-02-27 09:23:55.518,3,283379,-69,0
2026-02-27 09:23:55.537,1,283398,-55,0
2026-02-27 09:23:55.551,2,283412,-64,0
2026-02-27 09:23:55.601,0,283462,-67,0
2026-02-27 09:23:55.623,3,283484,-69,0
2026-02-27 09:23:55.627,1,283488,-53,0
2026-02-27 09:23:55.671,2,283532,-64,0
2026-02-27 09:23:55.691,0,283552,-71,0
2026-02-27 09:23:55.728,3,283589,-68,0
2026-02-27 09:23:55.747,1,283608,-55,0
2026-02-27 09:23:55.761,2,283622,-64,0
2026-02-27 09:23:55.796,0,283657,-70,0
2026-02-27 09:23:55.833,3,283694,-70,0
2026-02-27 09:23:55.837,1,283698,-55,0
2026-02-27 09:23:55.851,2,283712,-65,0
2026-02-27 09:23:55.901,0,283763,-68,0
2026-02-27 09:23:55.923,3,283784,-69,0
2026-02-27 09:23:55.928,1,283788,-53,0
2026-02-27 09:23:55.991,0,283853,-64,0
2026-02-27 09:23:56.001,2,283863,-64,0
2026-02-27 09:23:56.028,3,283889,-69,0
2026-02-27 09:23:56.047,1,283908,-54,0
2026-02-27 09:23:56.061,2,283923,-67,0
2026-02-27 09:23:56.096,0,283958,-66,0
2026-02-27 09:23:56.133,3,283994,-71,0
2026-02-27 09:23:56.137,1,283998,-54,0
2026-02-27 09:23:56.151,2,284013,-65,0
2026-02-27 09:23:56.201,0,284063,-65,0
2026-02-27 09:23:56.223,3,284084,-71,0
2026-02-27 09:23:56.257,1,284118,-53,0
2026-02-27 09:23:56.271,2,284133,-65,0
2026-02-27 09:23:56.291,0,284153,-67,0
2026-02-27 09:23:56.317,1,284178,-57,0
2026-02-27 09:23:56.328,3,284189,-73,0
2026-02-27 09:23:56.361,2,284223,-64,0
2026-02-27 09:23:56.396,0,284258,-65,0
2026-02-27 09:23:56.433,3,284294,-73,0
2026-02-27 09:23:56.438,1,284299,-55,0
2026-02-27 09:23:56.451,2,284313,-65,0
2026-02-27 09:23:56.501,0,284363,-67,0
2026-02-27 09:23:56.538,3,284399,-74,0
2026-02-27 09:23:56.557,1,284419,-56,0
2026-02-27 09:23:56.571,2,284433,-66,0
2026-02-27 09:23:56.606,0,284468,-63,0
2026-02-27 09:23:56.628,3,284489,-63,0
2026-02-27 09:23:56.647,1,284509,-56,0
2026-02-27 09:23:56.661,2,284523,-66,0
2026-02-27 09:23:56.696,0,284558,-65,0
2026-02-27 09:23:56.733,3,284595,-70,0
2026-02-27 09:23:56.737,1,284599,-56,0
2026-02-27 09:23:56.781,2,284643,-66,0
2026-02-27 09:23:56.801,0,284663,-64,0
2026-02-27 09:23:56.827,1,284689,-56,0
2026-02-27 09:23:56.838,3,284700,-68,0
2026-02-27 09:23:56.873,2,284733,-68,0
2026-02-27 09:23:56.906,0,284768,-67,0
2026-02-27 09:23:56.928,3,284790,-74,0
2026-02-27 09:23:56.947,1,284809,-56,0
2026-02-27 09:23:56.961,2,284823,-70,0
2026-02-27 09:23:56.996,0,284858,-67,0
2026-02-27 09:23:57.033,3,284895,-69,0
2026-02-27 09:23:57.038,1,284899,-55,0
2026-02-27 09:23:57.081,2,284943,-68,0
2026-02-27 09:23:57.101,0,284963,-64,0
2026-02-27 09:23:57.138,3,285000,-69,0
2026-02-27 09:23:57.157,1,285019,-56,0
2026-02-27 09:23:57.171,2,285033,-68,0
2026-02-27 09:23:57.206,0,285068,-68,0
2026-02-27 09:23:57.228,3,285090,-67,0
2026-02-27 09:23:57.247,1,285109,-55,0
2026-02-27 09:23:57.261,2,285123,-67,0
2026-02-27 09:23:57.296,0,285158,-65,0
2026-02-27 09:23:57.333,3,285195,-71,0
2026-02-27 09:23:57.337,1,285199,-56,0
2026-02-27 09:23:57.381,2,285243,-66,0
2026-02-27 09:23:57.401,0,285263,-65,0
2026-02-27 09:23:57.427,1,285289,-55,0
2026-02-27 09:23:57.438,3,285300,-68,0
2026-02-27 09:23:57.472,2,285333,-67,0
2026-02-27 09:23:57.506,0,285368,-63,0
2026-02-27 09:23:57.528,3,285390,-73,0
2026-02-27 09:23:57.547,1,285409,-55,0
2026-02-27 09:23:57.561,2,285423,-68,0
2026-02-27 09:23:57.611,0,285473,-65,0
2026-02-27 09:23:57.633,3,285495,-67,0
2026-02-27 09:23:57.636,1,285499,-56,0
2026-02-27 09:23:57.681,2,285543,-66,0
2026-02-27 09:23:57.701,0,285563,-66,0
2026-02-27 09:23:57.738,3,285600,-74,0
2026-02-27 09:23:57.757,1,285619,-58,0
2026-02-27 09:23:57.771,2,285633,-65,0
2026-02-27 09:23:57.806,0,285668,-64,0
2026-02-27 09:23:57.843,3,285705,-67,0
2026-02-27 09:23:57.847,1,285709,-55,0
2026-02-27 09:23:57.861,2,285723,-66,0
2026-02-27 09:23:57.911,0,285773,-64,0
2026-02-27 09:23:57.933,3,285795,-69,0
2026-02-27 09:23:57.938,1,285799,-56,0
2026-02-27 09:23:57.981,2,285843,-66,0
2026-02-27 09:23:58.001,0,285863,-68,0
2026-02-27 09:23:58.038,3,285900,-69,0
2026-02-27 09:23:58.057,1,285919,-54,0
2026-02-27 09:23:58.071,2,285933,-67,0
2026-02-27 09:23:58.106,0,285968,-66,0
2026-02-27 09:23:58.143,3,286005,-67,0
2026-02-27 09:23:58.147,1,286009,-54,0
2026-02-27 09:23:58.161,2,286023,-65,0
2026-02-27 09:23:58.211,0,286073,-63,0
2026-02-27 09:23:58.233,3,286095,-68,0
2026-02-27 09:23:58.267,1,286129,-56,0
2026-02-27 09:23:58.281,2,286143,-66,0
2026-02-27 09:23:58.301,0,286163,-63,0
2026-02-27 09:23:58.327,1,286189,-56,0
2026-02-27 09:23:58.353,3,286215,-73,0
2026-02-27 09:23:58.371,2,286234,-66,0
2026-02-27 09:23:58.406,0,286268,-66,0
2026-02-27 09:23:58.443,3,286305,-67,0
2026-02-27 09:23:58.447,1,286309,-56,0
2026-02-27 09:23:58.461,2,286324,-66,0
2026-02-27 09:23:58.511,0,286373,-64,0
2026-02-27 09:23:58.533,3,286395,-70,0
2026-02-27 09:23:58.567,1,286429,-57,0
2026-02-27 09:23:58.581,2,286444,-65,0
2026-02-27 09:23:58.601,0,286463,-65,0
2026-02-27 09:23:58.638,3,286501,-70,0
2026-02-27 09:23:58.657,1,286519,-55,0
2026-02-27 09:23:58.671,2,286534,-66,0
2026-02-27 09:23:58.706,0,286569,-64,0
2026-02-27 09:23:58.743,3,286606,-72,0
2026-02-27 09:23:58.747,1,286609,-55,0
2026-02-27 09:23:58.761,2,286624,-66,0
2026-02-27 09:23:58.811,0,286674,-64,0
2026-02-27 09:23:58.833,3,286696,-72,0
2026-02-27 09:23:58.867,1,286729,-54,0
2026-02-27 09:23:58.881,2,286744,-64,0
2026-02-27 09:23:58.916,0,286779,-66,0
2026-02-27 09:23:58.938,3,286801,-68,0
2026-02-27 09:23:58.956,1,286819,-55,0
2026-02-27 09:23:58.971,2,286834,-65,0
2026-02-27 09:23:59.006,0,286869,-65,0
2026-02-27 09:23:59.043,3,286906,-70,0
2026-02-27 09:23:59.047,1,286909,-56,0
2026-02-27 09:23:59.091,2,286954,-65,0
2026-02-27 09:23:59.111,0,286974,-64,0
2026-02-27 09:23:59.148,3,287011,-70,0
2026-02-27 09:23:59.167,1,287029,-55,0
2026-02-27 09:23:59.181,2,287044,-67,0
2026-02-27 09:23:59.216,0,287079,-65,0
2026-02-27 09:23:59.238,3,287101,-69,0
2026-02-27 09:23:59.257,1,287119,-56,0
2026-02-27 09:23:59.271,2,287134,-65,0
2026-02-27 09:23:59.306,0,287169,-64,0
2026-02-27 09:23:59.343,3,287206,-70,0
2026-02-27 09:23:59.348,1,287209,-54,0
2026-02-27 09:23:59.391,2,287254,-66,0
2026-02-27 09:23:59.411,0,287274,-63,0
2026-02-27 09:23:59.448,3,287311,-72,0
2026-02-27 09:23:59.467,1,287330,-53,0
2026-02-27 09:23:59.481,2,287344,-68,0
2026-02-27 09:23:59.516,0,287379,-64,0
2026-02-27 09:23:59.538,3,287401,-70,0
2026-02-27 09:23:59.557,1,287420,-54,0
2026-02-27 09:23:59.571,2,287434,-65,0
2026-02-27 09:23:59.621,0,287484,-65,0
2026-02-27 09:23:59.643,3,287506,-72,0
2026-02-27 09:23:59.647,1,287510,-57,0
2026-02-27 09:23:59.691,2,287554,-64,0
2026-02-27 09:23:59.711,0,287574,-64,0
2026-02-27 09:23:59.763,3,287626,-71,0
2026-02-27 09:23:59.767,1,287630,-57,0
2026-02-27 09:23:59.781,2,287644,-65,0
2026-02-27 09:23:59.816,0,287679,-63,0
2026-02-27 09:23:59.838,3,287701,-72,0
2026-02-27 09:23:59.856,1,287720,-55,0
2026-02-27 09:23:59.871,2,287734,-66,0
2026-02-27 09:23:59.921,0,287784,-62,0
2026-02-27 09:23:59.943,3,287806,-69,0
2026-02-27 09:23:59.977,1,287840,-54,0
2026-02-27 09:23:59.991,2,287854,-67,0
2026-02-27 09:24:00.011,0,287874,-62,0
2026-02-27 09:24:00.037,1,287900,-54,0
2026-02-27 09:24:00.048,3,287911,-69,0
2026-02-27 09:24:00.081,2,287944,-68,0
2026-02-27 09:24:00.116,0,287979,-66,0
2026-02-27 09:24:00.153,3,288016,-69,0
2026-02-27 09:24:00.157,1,288020,-54,0
2026-02-27 09:24:00.171,2,288034,-65,0
2026-02-27 09:24:00.221,0,288084,-68,0
2026-02-27 09:24:00.243,3,288106,-71,0
2026-02-27 09:24:00.277,1,288140,-56,0
2026-02-27 09:24:00.291,2,288154,-64,0
2026-02-27 09:24:00.311,0,288174,-67,0
2026-02-27 09:24:00.348,3,288211,-70,0
2026-02-27 09:24:00.367,1,288230,-56,0
2026-02-27 09:24:00.381,2,288244,-64,0
2026-02-27 09:24:00.416,0,288279,-66,0
2026-02-27 09:24:00.453,3,288316,-71,0
2026-02-27 09:24:00.456,1,288320,-55,0
2026-02-27 09:24:00.471,2,288334,-66,0
2026-02-27 09:24:00.521,0,288384,-63,0
2026-02-27 09:24:00.543,3,288407,-71,0
2026-02-27 09:24:00.577,1,288440,-55,0
2026-02-27 09:24:00.591,2,288454,-66,0
2026-02-27 09:24:00.626,0,288489,-64,0
2026-02-27 09:24:00.648,3,288512,-70,0
2026-02-27 09:24:00.666,1,288530,-54,0
2026-02-27 09:24:00.681,2,288545,-65,0
2026-02-27 09:24:00.716,0,288579,-64,0
2026-02-27 09:24:00.753,3,288617,-70,0
2026-02-27 09:24:00.756,1,288620,-54,0
2026-02-27 09:24:00.801,2,288664,-65,0
2026-02-27 09:24:00.821,0,288684,-64,0
2026-02-27 09:24:00.843,3,288707,-69,0
2026-02-27 09:24:00.861,2,288725,-65,0
2026-02-27 09:24:00.876,1,288740,-56,0
2026-02-27 09:24:00.926,0,288789,-63,0
2026-02-27 09:24:00.948,3,288812,-72,0
2026-02-27 09:24:00.966,1,288830,-54,0
2026-02-27 09:24:00.981,2,288845,-66,0
2026-02-27 09:24:01.016,0,288879,-63,0
2026-02-27 09:24:01.053,3,288917,-71,0
2026-02-27 09:24:01.057,1,288920,-55,0
2026-02-27 09:24:01.101,2,288965,-66,0
2026-02-27 09:24:01.121,0,288984,-63,0
2026-02-27 09:24:01.158,3,289022,-72,0
2026-02-27 09:24:01.177,1,289040,-56,0
2026-02-27 09:24:01.191,2,289055,-67,0
2026-02-27 09:24:01.226,0,289089,-64,0
2026-02-27 09:24:01.248,3,289112,-72,0
2026-02-27 09:24:01.266,1,289130,-55,0
2026-02-27 09:24:01.281,2,289145,-67,0
2026-02-27 09:24:01.331,0,289194,-64,0
2026-02-27 09:24:01.353,3,289217,-69,0
2026-02-27 09:24:01.357,1,289220,-55,0
2026-02-27 09:24:01.401,2,289265,-68,0
2026-02-27 09:24:01.421,0,289284,-69,0
2026-02-27 09:24:01.458,3,289322,-70,0
2026-02-27 09:24:01.476,1,289340,-55,0
2026-02-27 09:24:01.491,2,289355,-69,0
2026-02-27 09:24:01.526,0,289389,-66,0
2026-02-27 09:24:01.548,3,289412,-71,0
2026-02-27 09:24:01.566,1,289430,-55,0
2026-02-27 09:24:01.581,2,289445,-69,0
2026-02-27 09:24:01.631,0,289495,-62,0
2026-02-27 09:24:01.653,3,289517,-70,0
2026-02-27 09:24:01.657,1,289520,-55,0
2026-02-27 09:24:01.701,2,289565,-70,0
2026-02-27 09:24:01.720,0,289585,-62,0
2026-02-27 09:24:01.758,3,289622,-71,0
2026-02-27 09:24:01.776,1,289640,-56,0
2026-02-27 09:24:01.791,2,289655,-68,0
2026-02-27 09:24:01.826,0,289690,-62,0
2026-02-27 09:24:01.863,3,289727,-70,0
2026-02-27 09:24:01.867,1,289730,-56,0
2026-02-27 09:24:01.881,2,289745,-69,0
2026-02-27 09:24:01.931,0,289795,-63,0
2026-02-27 09:24:01.953,3,289817,-69,0
2026-02-27 09:24:01.986,1,289850,-55,0
2026-02-27 09:24:02.001,2,289865,-67,0
2026-02-27 09:24:02.021,0,289885,-66,0
2026-02-27 09:24:02.046,1,289910,-54,0
2026-02-27 09:24:02.058,3,289922,-70,0
2026-02-27 09:24:02.091,2,289955,-68,0
2026-02-27 09:24:02.126,0,289990,-64,0
2026-02-27 09:24:02.163,3,290027,-70,0
2026-02-27 09:24:02.167,1,290030,-56,0
2026-02-27 09:24:02.181,2,290045,-68,0
2026-02-27 09:24:02.231,0,290095,-64,0
2026-02-27 09:24:02.254,3,290117,-70,0
2026-02-27 09:24:02.286,1,290150,-55,0
2026-02-27 09:24:02.301,2,290165,-67,0
2026-02-27 09:24:02.321,0,290185,-63,0
2026-02-27 09:24:02.358,3,290222,-71,0
2026-02-27 09:24:02.376,1,290240,-55,0
2026-02-27 09:24:02.391,2,290255,-68,0
2026-02-27 09:24:02.426,0,290290,-64,0
2026-02-27 09:24:02.463,3,290328,-71,0
2026-02-27 09:24:02.467,1,290330,-53,0
2026-02-27 09:24:02.511,2,290375,-66,0
2026-02-27 09:24:02.530,0,290395,-62,0
2026-02-27 09:24:02.568,3,290433,-68,0
2026-02-27 09:24:02.572,2,290435,-66,0
2026-02-27 09:24:02.586,1,290450,-56,0
2026-02-27 09:24:02.635,0,290500,-63,0
2026-02-27 09:24:02.658,3,290523,-70,0
2026-02-27 09:24:02.676,1,290541,-56,0
2026-02-27 09:24:02.691,2,290555,-67,0
2026-02-27 09:24:02.725,0,290590,-64,0
2026-02-27 09:24:02.763,3,290628,-72,0
2026-02-27 09:24:02.767,1,290631,-57,0
2026-02-27 09:24:02.811,2,290675,-68,0
2026-02-27 09:24:02.830,0,290695,-67,0
2026-02-27 09:24:02.868,3,290733,-69,0
2026-02-27 09:24:02.886,1,290751,-56,0
2026-02-27 09:24:02.901,2,290765,-67,0
2026-02-27 09:24:02.936,0,290800,-68,0
2026-02-27 09:24:02.958,3,290823,-71,0
2026-02-27 09:24:02.976,1,290841,-56,0
2026-02-27 09:24:02.991,2,290855,-68,0
2026-02-27 09:24:03.025,0,290890,-66,0
2026-02-27 09:24:03.063,3,290928,-70,0
2026-02-27 09:24:03.067,1,290931,-57,0
2026-02-27 09:24:03.111,2,290975,-67,0
2026-02-27 09:24:03.131,0,290995,-64,0
2026-02-27 09:24:03.168,3,291033,-71,0
2026-02-27 09:24:03.186,1,291051,-56,0
2026-02-27 09:24:03.201,2,291065,-69,0
2026-02-27 09:24:03.235,0,291100,-63,0
2026-02-27 09:24:03.258,3,291123,-70,0
2026-02-27 09:24:03.276,1,291141,-57,0
2026-02-27 09:24:03.291,2,291156,-71,0
2026-02-27 09:24:03.326,0,291190,-60,0
2026-02-27 09:24:03.363,3,291228,-68,0
2026-02-27 09:24:03.367,1,291231,-54,0
2026-02-27 09:24:03.411,2,291276,-70,0
2026-02-27 09:24:03.430,0,291295,-62,0
2026-02-27 09:24:03.468,3,291333,-71,0
2026-02-27 09:24:03.486,1,291351,-56,0
2026-02-27 09:24:03.501,2,291366,-69,0
2026-02-27 09:24:03.535,0,291400,-62,0
2026-02-27 09:24:03.558,3,291423,-70,0
2026-02-27 09:24:03.576,1,291441,-56,0
2026-02-27 09:24:03.591,2,291456,-66,0
2026-02-27 09:24:03.640,0,291505,-68,0
2026-02-27 09:24:03.664,3,291528,-72,0
2026-02-27 09:24:03.696,1,291561,-57,0
2026-02-27 09:24:03.711,2,291576,-67,0
2026-02-27 09:24:03.730,0,291595,-71,0
2026-02-27 09:24:03.768,3,291633,-70,0
2026-02-27 09:24:03.786,1,291651,-55,0
2026-02-27 09:24:03.801,2,291666,-70,0
2026-02-27 09:24:03.835,0,291700,-68,0
2026-02-27 09:24:03.874,3,291738,-71,0
2026-02-27 09:24:03.876,1,291741,-56,0
2026-02-27 09:24:03.921,2,291786,-67,0
2026-02-27 09:24:03.940,0,291805,-64,0
2026-02-27 09:24:03.964,3,291828,-70,0
2026-02-27 09:24:03.996,1,291861,-55,0
2026-02-27 09:24:04.011,2,291876,-69,0
2026-02-27 09:24:04.045,0,291910,-61,0
2026-02-27 09:24:04.068,3,291933,-70,0
2026-02-27 09:24:04.086,1,291951,-56,0
2026-02-27 09:24:04.101,2,291966,-67,0
2026-02-27 09:24:04.135,0,292000,-63,0
2026-02-27 09:24:04.173,3,292038,-70,0
2026-02-27 09:24:04.176,1,292041,-55,0
2026-02-27 09:24:04.221,2,292086,-66,0
2026-02-27 09:24:04.240,0,292105,-62,0
2026-02-27 09:24:04.263,3,292129,-70,0
2026-02-27 09:24:04.296,1,292161,-56,0
2026-02-27 09:24:04.311,2,292176,-67,0
2026-02-27 09:24:04.345,0,292210,-66,0
2026-02-27 09:24:04.368,3,292234,-69,0
2026-02-27 09:24:04.386,1,292251,-55,0
2026-02-27 09:24:04.401,2,292266,-68,0
2026-02-27 09:24:04.435,0,292300,-70,0
2026-02-27 09:24:04.474,3,292339,-70,0
2026-02-27 09:24:04.476,1,292341,-56,0
2026-02-27 09:24:04.521,2,292386,-67,0
2026-02-27 09:24:04.540,0,292406,-66,0
2026-02-27 09:24:04.579,3,292444,-70,0
2026-02-27 09:24:04.596,1,292461,-56,0
2026-02-27 09:24:04.611,2,292476,-66,0
2026-02-27 09:24:04.645,0,292511,-63,0
2026-02-27 09:24:04.669,3,292534,-69,0
2026-02-27 09:24:04.686,1,292551,-55,0
2026-02-27 09:24:04.701,2,292566,-66,0
2026-02-27 09:24:04.750,0,292616,-62,0
2026-02-27 09:24:04.774,3,292639,-71,0
2026-02-27 09:24:04.776,1,292641,-57,0
2026-02-27 09:24:04.821,2,292686,-65,0
2026-02-27 09:24:04.840,0,292706,-61,0
2026-02-27 09:24:04.879,3,292744,-71,0
2026-02-27 09:24:04.896,1,292761,-56,0
2026-02-27 09:24:04.911,2,292776,-70,0
2026-02-27 09:24:04.945,0,292811,-63,0
2026-02-27 09:24:04.969,3,292834,-68,0
2026-02-27 09:24:04.986,1,292851,-56,0
2026-02-27 09:24:05.001,2,292866,-68,0
2026-02-27 09:24:05.050,0,292916,-67,0
2026-02-27 09:24:05.074,3,292939,-69,0
2026-02-27 09:24:05.076,1,292941,-56,0
2026-02-27 09:24:05.121,2,292986,-67,0
2026-02-27 09:24:05.140,0,293006,-65,0
2026-02-27 09:24:05.179,3,293044,-70,0
2026-02-27 09:24:05.196,1,293061,-55,0
2026-02-27 09:24:05.211,2,293076,-65,0
2026-02-27 09:24:05.245,0,293111,-64,0
2026-02-27 09:24:05.269,3,293134,-71,0
2026-02-27 09:24:05.286,1,293151,-55,0
2026-02-27 09:24:05.301,2,293166,-65,0
2026-02-27 09:24:05.365,0,293231,-62,0
2026-02-27 09:24:05.373,3,293239,-71,0
2026-02-27 09:24:05.406,1,293271,-56,0
2026-02-27 09:24:05.421,2,293286,-69,0
2026-02-27 09:24:05.440,0,293306,-61,0
2026-02-27 09:24:05.466,1,293331,-56,0
2026-02-27 09:24:05.479,3,293344,-72,0
2026-02-27 09:24:05.511,2,293376,-65,0
2026-02-27 09:24:05.545,0,293411,-62,0
2026-02-27 09:24:05.569,3,293434,-71,0
2026-02-27 09:24:05.586,1,293451,-56,0
2026-02-27 09:24:05.631,2,293497,-64,0
2026-02-27 09:24:05.650,0,293516,-63,0
2026-02-27 09:24:05.674,3,293539,-69,0
2026-02-27 09:24:05.706,1,293571,-55,0
2026-02-27 09:24:05.721,2,293587,-65,0
2026-02-27 09:24:05.740,0,293606,-65,0
2026-02-27 09:24:05.779,3,293644,-71,0
2026-02-27 09:24:05.796,1,293661,-56,0
2026-02-27 09:24:05.811,2,293677,-66,0
2026-02-27 09:24:05.845,0,293711,-62,0
2026-02-27 09:24:05.884,3,293749,-71,0
2026-02-27 09:24:05.886,1,293752,-57,0
2026-02-27 09:24:05.931,2,293797,-66,0
2026-02-27 09:24:05.950,0,293816,-62,0
2026-02-27 09:24:05.974,3,293839,-70,0
2026-02-27 09:24:06.006,1,293871,-56,0
2026-02-27 09:24:06.021,2,293887,-66,0
2026-02-27 09:24:06.055,0,293921,-62,0
2026-02-27 09:24:06.079,3,293945,-70,0
2026-02-27 09:24:06.096,1,293962,-56,0
2026-02-27 09:24:06.111,2,293977,-66,0
2026-02-27 09:24:06.146,0,294011,-62,0
2026-02-27 09:24:06.184,3,294050,-69,0
2026-02-27 09:24:06.186,1,294052,-56,0
2026-02-27 09:24:06.231,2,294097,-65,0
2026-02-27 09:24:06.265,0,294131,-62,0
2026-02-27 09:24:06.274,3,294140,-73,0
2026-02-27 09:24:06.306,1,294172,-57,0
2026-02-27 09:24:06.321,2,294187,-66,0
2026-02-27 09:24:06.355,0,294221,-62,0
2026-02-27 09:24:06.379,3,294245,-71,0
2026-02-27 09:24:06.396,1,294262,-57,0
2026-02-27 09:24:06.411,2,294277,-64,0
2026-02-27 09:24:06.445,0,294311,-62,0
2026-02-27 09:24:06.484,3,294350,-69,0
2026-02-27 09:24:06.486,1,294352,-55,0
2026-02-27 09:24:06.531,2,294397,-68,0
2026-02-27 09:24:06.550,0,294416,-62,0
2026-02-27 09:24:06.574,3,294440,-68,0
2026-02-27 09:24:06.606,1,294472,-54,0
2026-02-27 09:24:06.621,2,294487,-67,0
2026-02-27 09:24:06.655,0,294521,-62,0
2026-02-27 09:24:06.679,3,294545,-71,0
2026-02-27 09:24:06.696,1,294562,-57,0
2026-02-27 09:24:06.711,2,294577,-66,0
2026-02-27 09:24:06.760,0,294626,-63,0
2026-02-27 09:24:06.784,3,294650,-69,0
2026-02-27 09:24:06.787,1,294652,-55,0
2026-02-27 09:24:06.831,2,294697,-67,0
2026-02-27 09:24:06.850,0,294716,-67,0
2026-02-27 09:24:06.889,3,294755,-71,0
2026-02-27 09:24:06.906,1,294772,-55,0
2026-02-27 09:24:06.921,2,294787,-67,0
2026-02-27 09:24:06.955,0,294821,-64,0
2026-02-27 09:24:06.979,3,294845,-71,0
2026-02-27 09:24:06.996,1,294862,-57,0
2026-02-27 09:24:07.011,2,294877,-67,0
2026-02-27 09:24:07.060,0,294926,-63,0
2026-02-27 09:24:07.084,3,294950,-71,0
2026-02-27 09:24:07.086,1,294952,-55,0
2026-02-27 09:24:07.131,2,294997,-66,0
2026-02-27 09:24:07.150,0,295016,-62,0
2026-02-27 09:24:07.189,3,295055,-72,0
2026-02-27 09:24:07.205,1,295072,-57,0
2026-02-27 09:24:07.221,2,295087,-66,0
2026-02-27 09:24:07.255,0,295122,-62,0
2026-02-27 09:24:07.279,3,295145,-70,0
2026-02-27 09:24:07.296,1,295162,-55,0
2026-02-27 09:24:07.311,2,295177,-66,0
2026-02-27 09:24:07.360,0,295227,-65,0
2026-02-27 09:24:07.384,3,295250,-71,0
2026-02-27 09:24:07.416,1,295282,-56,0
2026-02-27 09:24:07.431,2,295297,-65,0
2026-02-27 09:24:07.450,0,295317,-66,0
2026-02-27 09:24:07.475,1,295342,-56,0
2026-02-27 09:24:07.489,3,295355,-69,0
2026-02-27 09:24:07.521,2,295387,-65,0
2026-02-27 09:24:07.570,0,295437,-65,0
2026-02-27 09:24:07.579,3,295445,-68,0
2026-02-27 09:24:07.596,1,295462,-56,0
2026-02-27 09:24:07.611,2,295477,-64,0
2026-02-27 09:24:07.660,0,295527,-59,0
2026-02-27 09:24:07.684,3,295550,-71,0
2026-02-27 09:24:07.716,1,295582,-57,0
2026-02-27 09:24:07.731,2,295597,-65,0
2026-02-27 09:24:07.750,0,295617,-61,0
2026-02-27 09:24:07.789,3,295656,-71,0
2026-02-27 09:24:07.805,1,295672,-58,0
2026-02-27 09:24:07.821,2,295687,-65,0
2026-02-27 09:24:07.855,0,295722,-64,0
2026-02-27 09:24:07.894,3,295761,-69,0
2026-02-27 09:24:07.896,1,295763,-55,0
2026-02-27 09:24:07.941,2,295807,-66,0
2026-02-27 09:24:07.960,0,295827,-62,0
2026-02-27 09:24:07.984,3,295851,-68,0
2026-02-27 09:24:08.015,1,295882,-56,0
2026-02-27 09:24:08.031,2,295898,-66,0
2026-02-27 09:24:08.065,0,295932,-65,0
2026-02-27 09:24:08.089,3,295956,-70,0
2026-02-27 09:24:08.106,1,295972,-56,0
2026-02-27 09:24:08.121,2,295988,-66,0
2026-02-27 09:24:08.155,0,296022,-63,0
2026-02-27 09:24:08.194,3,296061,-68,0
2026-02-27 09:24:08.196,1,296063,-54,0
2026-02-27 09:24:08.241,2,296108,-67,0
2026-02-27 09:24:08.260,0,296127,-64,0
2026-02-27 09:24:08.284,3,296151,-68,0
2026-02-27 09:24:08.315,1,296182,-56,0
2026-02-27 09:24:08.331,2,296198,-68,0
2026-02-27 09:24:08.365,0,296232,-64,0
2026-02-27 09:24:08.389,3,296256,-68,0
2026-02-27 09:24:08.405,1,296272,-55,0
2026-02-27 09:24:08.421,2,296288,-67,0
2026-02-27 09:24:08.455,0,296322,-64,0
2026-02-27 09:24:08.494,3,296361,-69,0
2026-02-27 09:24:08.496,1,296363,-56,0
2026-02-27 09:24:08.541,2,296408,-68,0
2026-02-27 09:24:08.560,0,296427,-62,0
2026-02-27 09:24:08.584,3,296451,-70,0
2026-02-27 09:24:08.616,1,296482,-58,0
2026-02-27 09:24:08.631,2,296498,-67,0
2026-02-27 09:24:08.665,0,296532,-63,0
2026-02-27 09:24:08.689,3,296556,-69,0
2026-02-27 09:24:08.705,1,296572,-58,0
2026-02-27 09:24:08.721,2,296588,-69,0
2026-02-27 09:24:08.770,0,296637,-63,0
2026-02-27 09:24:08.794,3,296661,-69,0
2026-02-27 09:24:08.796,1,296663,-57,0
2026-02-27 09:24:08.841,2,296708,-67,0
2026-02-27 09:24:08.860,0,296727,-63,0
2026-02-27 09:24:08.900,3,296766,-70,0
2026-02-27 09:24:08.915,1,296782,-55,0
2026-02-27 09:24:08.931,2,296798,-68,0
2026-02-27 09:24:08.965,0,296832,-64,0
2026-02-27 09:24:09.006,1,296872,-56,0
2026-02-27 09:24:09.019,3,296886,-68,0
2026-02-27 09:24:09.021,2,296888,-69,0
2026-02-27 09:24:09.070,0,296937,-65,0
2026-02-27 09:24:09.125,1,296992,-57,0
2026-02-27 09:24:09.139,3,297006,-69,0
2026-02-27 09:24:09.141,2,297009,-68,0
2026-02-27 09:24:09.160,0,297027,-64,0
2026-02-27 09:24:09.185,1,297052,-56,0
2026-02-27 09:24:09.229,3,297096,-70,0
2026-02-27 09:24:09.231,2,297099,-67,0
2026-02-27 09:24:09.265,0,297132,-63,0
2026-02-27 09:24:09.305,1,297172,-56,0
2026-02-27 09:24:09.319,3,297186,-69,0
2026-02-27 09:24:09.321,2,297189,-68,0
2026-02-27 09:24:09.370,0,297237,-63,0
2026-02-27 09:24:09.425,1,297292,-55,0
2026-02-27 09:24:09.439,3,297306,-69,0
2026-02-27 09:24:09.441,2,297309,-68,0
2026-02-27 09:24:09.460,0,297327,-62,0
2026-02-27 09:24:09.485,1,297352,-55,0
2026-02-27 09:24:09.529,3,297396,-70,0
2026-02-27 09:24:09.531,2,297399,-67,0
2026-02-27 09:24:09.565,0,297432,-63,0
2026-02-27 09:24:09.605,1,297473,-57,0
2026-02-27 09:24:09.619,3,297487,-68,0
2026-02-27 09:24:09.651,2,297518,-66,0
2026-02-27 09:24:09.670,0,297537,-66,0
2026-02-27 09:24:09.725,1,297593,-56,0
2026-02-27 09:24:09.739,3,297606,-70,0
2026-02-27 09:24:09.741,2,297609,-69,0
2026-02-27 09:24:09.775,0,297642,-64,0
2026-02-27 09:24:09.815,1,297683,-57,0
2026-02-27 09:24:09.829,3,297697,-69,0
2026-02-27 09:24:09.832,2,297699,-68,0
2026-02-27 09:24:09.850,0,297717,-65,0
2026-02-27 09:24:09.905,1,297773,-58,0
2026-02-27 09:24:09.949,3,297817,-70,0
2026-02-27 09:24:09.952,2,297819,-67,0
2026-02-27 09:24:09.970,0,297837,-63,0
2026-02-27 09:24:10.009,3,297877,-70,0
2026-02-27 09:24:10.025,1,297893,-56,0
2026-02-27 09:24:10.041,2,297908,-67,0
2026-02-27 09:24:10.075,0,297942,-65,0
2026-02-27 09:24:10.115,1,297983,-56,0
2026-02-27 09:24:10.129,3,297997,-72,0
2026-02-27 09:24:10.132,2,297999,-67,0
2026-02-27 09:24:10.165,0,298033,-62,0
2026-02-27 09:24:10.205,1,298073,-56,0
2026-02-27 09:24:10.249,3,298117,-68,0
2026-02-27 09:24:10.251,2,298119,-69,0
2026-02-27 09:24:10.270,0,298138,-63,0
2026-02-27 09:24:10.325,1,298193,-58,0
2026-02-27 09:24:10.339,3,298207,-70,0
2026-02-27 09:24:10.341,2,298209,-68,0
2026-02-27 09:24:10.375,0,298243,-65,0
2026-02-27 09:24:10.415,1,298283,-54,0
2026-02-27 09:24:10.429,3,298297,-68,0
2026-02-27 09:24:10.432,2,298299,-67,0
2026-02-27 09:24:10.480,0,298348,-65,0
2026-02-27 09:24:10.505,1,298373,-56,0
2026-02-27 09:24:10.549,3,298417,-67,0
2026-02-27 09:24:10.551,2,298419,-68,0
2026-02-27 09:24:10.570,0,298438,-64,0
2026-02-27 09:24:10.625,1,298493,-55,0
2026-02-27 09:24:10.639,3,298507,-72,0
2026-02-27 09:24:10.642,2,298509,-68,0
2026-02-27 09:24:10.675,0,298543,-63,0
2026-02-27 09:24:10.715,1,298583,-57,0
2026-02-27 09:24:10.731,2,298599,-68,0
2026-02-27 09:24:10.759,3,298627,-67,0
2026-02-27 09:24:10.780,0,298648,-64,0
2026-02-27 09:24:10.805,1,298673,-57,0
2026-02-27 09:24:10.819,3,298687,-69,0
2026-02-27 09:24:10.851,2,298719,-65,0
2026-02-27 09:24:10.870,0,298738,-62,0
2026-02-27 09:24:10.925,1,298793,-58,0
2026-02-27 09:24:10.939,3,298807,-69,0
2026-02-27 09:24:10.942,2,298810,-67,0
2026-02-27 09:24:10.975,0,298843,-65,0
2026-02-27 09:24:11.015,1,298883,-54,0
2026-02-27 09:24:11.029,3,298897,-70,0
2026-02-27 09:24:11.032,2,298900,-67,0
2026-02-27 09:24:11.080,0,298948,-63,0
2026-02-27 09:24:11.135,1,299003,-55,0
2026-02-27 09:24:11.149,3,299017,-69,0
2026-02-27 09:24:11.152,2,299020,-68,0
2026-02-27 09:24:11.170,0,299038,-62,0
2026-02-27 09:24:11.195,1,299063,-56,0
2026-02-27 09:24:11.240,3,299107,-72,0
2026-02-27 09:24:11.241,2,299110,-70,0
2026-02-27 09:24:11.275,0,299143,-63,0
2026-02-27 09:24:11.315,1,299183,-55,0
2026-02-27 09:24:11.330,3,299197,-69,0
2026-02-27 09:24:11.361,2,299229,-69,0
2026-02-27 09:24:11.380,0,299248,-62,0
2026-02-27 09:24:11.435,1,299303,-55,0
2026-02-27 09:24:11.450,3,299317,-69,0
2026-02-27 09:24:11.452,2,299320,-67,0
2026-02-27 09:24:11.485,0,299353,-62,0
2026-02-27 09:24:11.495,1,299363,-56,0
2026-02-27 09:24:11.540,3,299408,-69,0
2026-02-27 09:24:11.542,2,299410,-68,0
2026-02-27 09:24:11.560,0,299428,-63,0
2026-02-27 09:24:11.615,1,299483,-57,0
2026-02-27 09:24:11.661,2,299529,-65,0
2026-02-27 09:24:11.680,0,299548,-63,0
2026-02-27 09:24:11.689,3,299558,-68,0
2026-02-27 09:24:11.735,1,299603,-56,0
2026-02-27 09:24:11.750,3,299618,-72,0
2026-02-27 09:24:11.752,2,299620,-68,0
2026-02-27 09:24:11.785,0,299653,-63,0
2026-02-27 09:24:11.825,1,299693,-56,0
2026-02-27 09:24:11.840,3,299708,-70,0
2026-02-27 09:24:11.842,2,299710,-68,0
2026-02-27 09:24:11.875,0,299743,-64,0
2026-02-27 09:24:11.915,1,299783,-56,0
2026-02-27 09:24:11.960,3,299828,-73,0
2026-02-27 09:24:11.962,2,299830,-67,0
2026-02-27 09:24:11.980,0,299848,-64,0
2026-02-27 09:24:12.035,1,299903,-56,0
2026-02-27 09:24:12.050,3,299918,-69,0
2026-02-27 09:24:12.052,2,299920,-67,0
2026-02-27 09:24:12.085,0,299953,-64,0
2026-02-27 09:24:12.125,1,299993,-56,0
2026-02-27 09:24:12.140,3,300008,-70,0
2026-02-27 09:24:12.142,2,300010,-65,0
2026-02-27 09:24:12.190,0,300058,-75,0
2026-02-27 09:24:12.215,1,300083,-55,0
2026-02-27 09:24:12.260,3,300128,-72,0
2026-02-27 09:24:12.262,2,300130,-68,0
2026-02-27 09:24:12.280,0,300148,-72,0
2026-02-27 09:24:12.335,1,300203,-56,0
2026-02-27 09:24:12.349,3,300218,-69,0
2026-02-27 09:24:12.352,2,300220,-66,0
2026-02-27 09:24:12.385,0,300253,-70,0
2026-02-27 09:24:12.425,1,300293,-57,0
2026-02-27 09:24:12.440,3,300308,-69,0
2026-02-27 09:24:12.442,2,300310,-70,0
2026-02-27 09:24:12.490,0,300358,-70,0
2026-02-27 09:24:12.516,1,300384,-54,0
2026-02-27 09:24:12.560,3,300428,-71,0
2026-02-27 09:24:12.562,2,300430,-67,0
2026-02-27 09:24:12.580,0,300448,-65,0
2026-02-27 09:24:12.635,1,300503,-55,0
2026-02-27 09:24:12.650,3,300518,-70,0
2026-02-27 09:24:12.652,2,300521,-68,0
2026-02-27 09:24:12.685,0,300553,-68,0
2026-02-27 09:24:12.725,1,300594,-56,0
2026-02-27 09:24:12.740,3,300608,-67,0
2026-02-27 09:24:12.771,2,300639,-68,0
2026-02-27 09:24:12.790,0,300658,-68,0
2026-02-27 09:24:12.815,1,300684,-54,0
2026-02-27 09:24:12.860,3,300728,-68,0
2026-02-27 09:24:12.862,2,300731,-69,0
2026-02-27 09:24:12.895,0,300763,-65,0
2026-02-27 09:24:12.950,1,300819,-56,0
2026-02-27 09:24:12.965,3,300833,-69,0
2026-02-27 09:24:12.967,2,300836,-71,0
2026-02-27 09:24:12.985,0,300854,-66,0
2026-02-27 09:24:13.025,1,300894,-55,0
2026-02-27 09:24:13.040,3,300908,-69,0
2026-02-27 09:24:13.086,2,300955,-65,0
2026-02-27 09:24:13.090,0,300959,-63,0
2026-02-27 09:24:13.145,1,301014,-59,0
2026-02-27 09:24:13.160,3,301028,-71,0
2026-02-27 09:24:13.162,2,301031,-64,0
2026-02-27 09:24:13.195,0,301064,-66,0
2026-02-27 09:24:13.220,1,301089,-55,0
2026-02-27 09:24:13.280,3,301149,-67,0
2026-02-27 09:24:13.285,0,301154,-69,0
2026-02-27 09:24:13.296,2,301165,-64,0
2026-02-27 09:24:13.355,1,301224,-53,0
2026-02-27 09:24:13.370,3,301239,-67,0
2026-02-27 09:24:13.386,2,301255,-65,0
2026-02-27 09:24:13.390,0,301259,-74,0
2026-02-27 09:24:13.476,2,301345,-65,0
2026-02-27 09:24:13.490,1,301359,-55,0
2026-02-27 09:24:13.495,0,301364,-68,0
2026-02-27 09:24:13.505,3,301374,-70,0
2026-02-27 09:24:13.566,2,301435,-66,0
2026-02-27 09:24:13.580,1,301449,-54,0
2026-02-27 09:24:13.595,3,301464,-70,0
2026-02-27 09:24:13.600,0,301469,-65,0
2026-02-27 09:24:13.670,1,301539,-55,0
2026-02-27 09:24:13.685,3,301554,-70,0
2026-02-27 09:24:13.690,0,301559,-66,0
2026-02-27 09:24:13.701,2,301570,-68,0
2026-02-27 09:24:13.760,1,301629,-56,0
2026-02-27 09:24:13.775,3,301644,-69,0
2026-02-27 09:24:13.791,2,301660,-66,0
2026-02-27 09:24:13.795,0,301664,-66,0
2026-02-27 09:24:13.850,1,301719,-55,0
2026-02-27 09:24:13.865,3,301734,-70,0
2026-02-27 09:24:13.881,2,301750,-69,0
2026-02-27 09:24:13.915,0,301784,-79,0
2026-02-27 09:24:13.940,1,301809,-56,0
2026-02-27 09:24:13.971,2,301840,-70,0
2026-02-27 09:24:13.990,0,301859,-71,0
2026-02-27 09:24:14.000,3,301869,-71,0
2026-02-27 09:24:14.030,1,301899,-57,0
2026-02-27 09:24:14.090,3,301959,-69,0
2026-02-27 09:24:14.095,0,301964,-64,0
2026-02-27 09:24:14.106,2,301975,-69,0
2026-02-27 09:24:14.165,1,302034,-56,0
2026-02-27 09:24:14.180,3,302049,-71,0
2026-02-27 09:24:14.196,2,302065,-66,0
2026-02-27 09:24:14.200,0,302069,-66,0
2026-02-27 09:24:14.270,3,302139,-69,0
2026-02-27 09:24:14.286,2,302155,-69,0
2026-02-27 09:24:14.290,0,302159,-70,0
2026-02-27 09:24:14.300,1,302169,-57,0
2026-02-27 09:24:14.345,1,302214,-54,0
2026-02-27 09:24:14.376,2,302245,-71,0
2026-02-27 09:24:14.395,0,302264,-69,0
2026-02-27 09:24:14.405,3,302274,-70,0
2026-02-27 09:24:14.435,1,302304,-56,0
2026-02-27 09:24:14.437,2,302306,-67,0
2026-02-27 09:24:14.480,3,302349,-70,0
2026-02-27 09:24:14.500,0,302369,-70,0
2026-02-27 09:24:14.555,3,302424,-70,0
2026-02-27 09:24:14.570,1,302439,-56,0
2026-02-27 09:24:14.572,2,302441,-67,0
2026-02-27 09:24:14.590,0,302459,-67,0
2026-02-27 09:24:14.630,1,302499,-56,0
2026-02-27 09:24:14.661,2,302530,-69,0
2026-02-27 09:24:14.675,3,302544,-72,0
2026-02-27 09:24:14.695,0,302564,-67,0
2026-02-27 09:24:14.750,1,302619,-57,0
2026-02-27 09:24:14.752,2,302622,-69,0
2026-02-27 09:24:14.765,3,302634,-68,0
2026-02-27 09:24:14.800,0,302669,-64,0
2026-02-27 09:24:14.840,1,302709,-56,0
2026-02-27 09:24:14.855,3,302725,-70,0
2026-02-27 09:24:14.871,2,302740,-69,0
2026-02-27 09:24:14.905,0,302774,-69,0
2026-02-27 09:24:14.930,1,302799,-55,0
2026-02-27 09:24:14.961,2,302831,-69,0
2026-02-27 09:24:14.975,3,302845,-73,0
2026-02-27 09:24:14.995,0,302864,-68,0
2026-02-27 09:24:15.050,1,302919,-55,0
2026-02-27 09:24:15.065,3,302935,-71,0
2026-02-27 09:24:15.081,2,302951,-70,0
2026-02-27 09:24:15.099,0,302969,-65,0
2026-02-27 09:24:15.140,1,303009,-57,0
2026-02-27 09:24:15.155,3,303025,-71,0
2026-02-27 09:24:15.171,2,303041,-66,0
2026-02-27 09:24:15.205,0,303074,-66,0
2026-02-27 09:24:15.260,1,303129,-55,0
2026-02-27 09:24:15.262,2,303132,-68,0
2026-02-27 09:24:15.275,3,303145,-69,0
2026-02-27 09:24:15.295,0,303164,-64,0
2026-02-27 09:24:15.319,1,303189,-57,0
2026-02-27 09:24:15.365,3,303235,-69,0
2026-02-27 09:24:15.381,2,303251,-69,0
2026-02-27 09:24:15.399,0,303269,-66,0
2026-02-27 09:24:15.440,1,303309,-56,0
2026-02-27 09:24:15.455,3,303325,-72,0
2026-02-27 09:24:15.471,2,303341,-67,0
2026-02-27 09:24:15.504,0,303375,-68,0
2026-02-27 09:24:15.560,1,303430,-56,0
2026-02-27 09:24:15.562,2,303432,-68,0
2026-02-27 09:24:15.575,3,303445,-72,0
2026-02-27 09:24:15.609,0,303480,-68,0
2026-02-27 09:24:15.621,1,303489,-57,0
2026-02-27 09:24:15.665,3,303535,-73,0
2026-02-27 09:24:15.681,2,303551,-67,0
2026-02-27 09:24:15.700,0,303570,-70,0
2026-02-27 09:24:15.739,1,303610,-57,0
2026-02-27 09:24:15.755,3,303625,-69,0
2026-02-27 09:24:15.801,2,303671,-67,0
2026-02-27 09:24:15.805,0,303675,-68,0
2026-02-27 09:24:15.859,1,303730,-56,0
2026-02-27 09:24:15.861,2,303732,-67,0
2026-02-27 09:24:15.875,3,303745,-70,0
2026-02-27 09:24:15.909,0,303780,-68,0
2026-02-27 09:24:15.949,1,303820,-57,0
2026-02-27 09:24:15.965,3,303835,-68,0
2026-02-27 09:24:15.981,2,303851,-66,0
2026-02-27 09:24:15.999,0,303870,-65,0
2026-02-27 09:24:16.040,1,303910,-57,0
2026-02-27 09:24:16.055,3,303925,-67,0
2026-02-27 09:24:16.071,2,303941,-70,0
2026-02-27 09:24:16.104,0,303975,-66,0
2026-02-27 09:24:16.159,1,304030,-57,0
2026-02-27 09:24:16.162,2,304032,-70,0
2026-02-27 09:24:16.176,3,304045,-69,0
2026-02-27 09:24:16.210,0,304080,-65,0
2026-02-27 09:24:16.249,1,304120,-55,0
2026-02-27 09:24:16.265,3,304135,-69,0
2026-02-27 09:24:16.281,2,304151,-67,0
2026-02-27 09:24:16.315,0,304185,-67,0
2026-02-27 09:24:16.339,1,304210,-56,0
2026-02-27 09:24:16.355,3,304225,-67,0
2026-02-27 09:24:16.371,2,304241,-66,0
2026-02-27 09:24:16.404,0,304275,-68,0
2026-02-27 09:24:16.459,1,304330,-57,0
2026-02-27 09:24:16.475,3,304345,-68,0
2026-02-27 09:24:16.491,2,304361,-68,0
2026-02-27 09:24:16.509,0,304380,-69,0
2026-02-27 09:24:16.549,1,304420,-56,0
2026-02-27 09:24:16.565,3,304436,-73,0
2026-02-27 09:24:16.581,2,304451,-68,0
2026-02-27 09:24:16.614,0,304485,-68,0
2026-02-27 09:24:16.639,1,304510,-56,0
2026-02-27 09:24:16.671,2,304541,-69,0
2026-02-27 09:24:16.685,3,304556,-67,0
2026-02-27 09:24:16.704,0,304575,-66,0
2026-02-27 09:24:16.745,3,304616,-70,0
2026-02-27 09:24:16.759,1,304630,-57,0
2026-02-27 09:24:16.791,2,304661,-68,0
2026-02-27 09:24:16.809,0,304680,-66,0
2026-02-27 09:24:16.849,1,304720,-55,0
2026-02-27 09:24:16.865,3,304736,-67,0
2026-02-27 09:24:16.881,2,304751,-67,0
2026-02-27 09:24:16.914,0,304785,-65,0
2026-02-27 09:24:16.940,1,304810,-56,0
2026-02-27 09:24:16.971,2,304842,-68,0
2026-02-27 09:24:16.985,3,304856,-71,0
2026-02-27 09:24:17.019,0,304890,-66,0
2026-02-27 09:24:17.059,1,304930,-55,0
2026-02-27 09:24:17.075,3,304946,-71,0
2026-02-27 09:24:17.091,2,304962,-68,0
2026-02-27 09:24:17.109,0,304980,-67,0
2026-02-27 09:24:17.149,1,305020,-56,0
2026-02-27 09:24:17.165,3,305036,-69,0
2026-02-27 09:24:17.181,2,305052,-68,0
2026-02-27 09:24:17.214,0,305085,-68,0
2026-02-27 09:24:17.269,1,305140,-55,0
2026-02-27 09:24:17.273,2,305142,-70,0
2026-02-27 09:24:17.285,3,305156,-70,0
2026-02-27 09:24:17.319,0,305190,-69,0
2026-02-27 09:24:17.329,1,305200,-56,0
2026-02-27 09:24:17.375,3,305246,-70,0
2026-02-27 09:24:17.391,2,305262,-67,0
2026-02-27 09:24:17.409,0,305280,-67,0
2026-02-27 09:24:17.449,1,305320,-55,0
2026-02-27 09:24:17.465,3,305336,-68,0
2026-02-27 09:24:17.481,2,305352,-68,0
2026-02-27 09:24:17.514,0,305385,-67,0
2026-02-27 09:24:17.569,1,305440,-55,0
2026-02-27 09:24:17.571,2,305442,-67,0
2026-02-27 09:24:17.585,3,305456,-68,0
2026-02-27 09:24:17.619,0,305490,-66,0
2026-02-27 09:24:17.659,1,305530,-56,0
2026-02-27 09:24:17.675,3,305546,-70,0
2026-02-27 09:24:17.691,2,305562,-70,0
2026-02-27 09:24:17.724,0,305595,-66,0
2026-02-27 09:24:17.749,1,305620,-56,0
2026-02-27 09:24:17.765,3,305636,-68,0
2026-02-27 09:24:17.781,2,305652,-67,0
2026-02-27 09:24:17.814,0,305685,-68,0
2026-02-27 09:24:17.869,1,305740,-55,0
2026-02-27 09:24:17.871,2,305743,-65,0
2026-02-27 09:24:17.885,3,305756,-71,0
2026-02-27 09:24:17.919,0,305790,-65,0
2026-02-27 09:24:17.959,1,305830,-55,0
2026-02-27 09:24:17.975,3,305846,-71,0
2026-02-27 09:24:17.991,2,305862,-65,0
2026-02-27 09:24:18.024,0,305895,-68,0
2026-02-27 09:24:18.049,1,305920,-55,0
2026-02-27 09:24:18.081,2,305952,-63,0
2026-02-27 09:24:18.095,3,305966,-69,0
2026-02-27 09:24:18.114,0,305985,-66,0
2026-02-27 09:24:18.155,3,306026,-74,0
2026-02-27 09:24:18.169,1,306040,-54,0
2026-02-27 09:24:18.201,2,306072,-65,0
2026-02-27 09:24:18.219,0,306090,-69,0
2026-02-27 09:24:18.259,1,306130,-56,0
2026-02-27 09:24:18.275,3,306147,-67,0
2026-02-27 09:24:18.291,2,306162,-66,0
2026-02-27 09:24:18.324,0,306195,-68,0
2026-02-27 09:24:18.349,1,306220,-55,0
2026-02-27 09:24:18.381,2,306252,-64,0
2026-02-27 09:24:18.395,3,306267,-69,0
2026-02-27 09:24:18.429,0,306300,-68,0
2026-02-27 09:24:18.469,1,306340,-55,0
2026-02-27 09:24:18.485,3,306357,-70,0
2026-02-27 09:24:18.501,2,306372,-65,0
2026-02-27 09:24:18.519,0,306390,-68,0
2026-02-27 09:24:18.559,1,306431,-54,0
2026-02-27 09:24:18.575,3,306447,-72,0
2026-02-27 09:24:18.591,2,306462,-65,0
2026-02-27 09:24:18.624,0,306496,-65,0
2026-02-27 09:24:18.649,1,306521,-55,0
2026-02-27 09:24:18.681,2,306552,-65,0
2026-02-27 09:24:18.695,3,306567,-67,0
2026-02-27 09:24:18.729,0,306601,-67,0
2026-02-27 09:24:18.769,1,306641,-55,0
2026-02-27 09:24:18.785,3,306657,-72,0
2026-02-27 09:24:18.801,2,306672,-65,0
2026-02-27 09:24:18.819,0,306691,-64,0
2026-02-27 09:24:18.859,1,306731,-56,0
2026-02-27 09:24:18.876,3,306747,-70,0
2026-02-27 09:24:18.891,2,306762,-65,0
2026-02-27 09:24:18.924,0,306796,-68,0
2026-02-27 09:24:18.949,1,306821,-55,0
2026-02-27 09:24:18.981,2,306852,-64,0
2026-02-27 09:24:18.995,3,306867,-68,0
2026-02-27 09:24:19.024,1,306896,-53,0
2026-02-27 09:24:19.030,0,306901,-69,0
2026-02-27 09:24:19.086,3,306957,-72,0
2026-02-27 09:24:19.101,2,306972,-65,0
2026-02-27 09:24:19.130,1,307001,-55,0
2026-02-27 09:24:19.134,0,307006,-67,0
2026-02-27 09:24:19.191,2,307062,-64,0
2026-02-27 09:24:19.205,3,307077,-69,0
2026-02-27 09:24:19.224,0,307096,-69,0
2026-02-27 09:24:19.234,1,307106,-55,0
2026-02-27 09:24:19.266,3,307137,-68,0
2026-02-27 09:24:19.281,2,307152,-63,0
2026-02-27 09:24:19.324,1,307196,-55,0
2026-02-27 09:24:19.330,0,307201,-66,0
2026-02-27 09:24:19.386,3,307257,-68,0
2026-02-27 09:24:19.401,2,307272,-65,0
2026-02-27 09:24:19.429,1,307301,-55,0
2026-02-27 09:24:19.434,0,307306,-67,0
2026-02-27 09:24:19.491,2,307363,-65,0
2026-02-27 09:24:19.506,3,307377,-68,0
2026-02-27 09:24:19.524,0,307396,-67,0
2026-02-27 09:24:19.534,1,307406,-57,0
2026-02-27 09:24:19.595,3,307467,-73,0
2026-02-27 09:24:19.611,2,307483,-66,0
2026-02-27 09:24:19.629,0,307501,-69,0
2026-02-27 09:24:19.639,1,307511,-56,0
2026-02-27 09:24:19.686,3,307557,-68,0
2026-02-27 09:24:19.701,2,307573,-66,0
2026-02-27 09:24:19.729,1,307601,-55,0
2026-02-27 09:24:19.749,0,307621,-67,0
2026-02-27 09:24:19.791,2,307663,-65,0
2026-02-27 09:24:19.806,3,307677,-73,0
2026-02-27 09:24:19.834,1,307706,-56,0
2026-02-27 09:24:19.839,0,307711,-70,0
2026-02-27 09:24:19.911,2,307783,-64,0
2026-02-27 09:24:19.926,3,307797,-67,0
2026-02-27 09:24:19.929,0,307801,-69,0
2026-02-27 09:24:19.939,1,307811,-55,0
2026-02-27 09:24:19.986,3,307858,-67,0
2026-02-27 09:24:20.001,2,307873,-65,0
2026-02-27 09:24:20.029,1,307901,-56,0
2026-02-27 09:24:20.034,0,307906,-70,0
2026-02-27 09:24:20.091,2,307963,-65,0
2026-02-27 09:24:20.106,3,307978,-66,0
2026-02-27 09:24:20.134,1,308006,-57,0
2026-02-27 09:24:20.139,0,308011,-68,0
2026-02-27 09:24:20.195,3,308068,-72,0
2026-02-27 09:24:20.211,2,308083,-66,0
2026-02-27 09:24:20.229,0,308101,-74,0
2026-02-27 09:24:20.239,1,308111,-55,0
2026-02-27 09:24:20.286,3,308158,-67,0
2026-02-27 09:24:20.301,2,308173,-66,0
2026-02-27 09:24:20.334,0,308206,-67,0
2026-02-27 09:24:20.344,1,308216,-55,0
2026-02-27 09:24:20.391,2,308263,-65,0
2026-02-27 09:24:20.405,3,308278,-67,0
2026-02-27 09:24:20.434,1,308306,-54,0
2026-02-27 09:24:20.439,0,308311,-71,0
2026-02-27 09:24:20.496,3,308368,-69,0
2026-02-27 09:24:20.512,2,308383,-65,0
2026-02-27 09:24:20.529,0,308401,-68,0
2026-02-27 09:24:20.539,1,308411,-55,0
2026-02-27 09:24:20.601,2,308473,-65,0
2026-02-27 09:24:20.616,3,308488,-73,0
2026-02-27 09:24:20.634,0,308506,-71,0
2026-02-27 09:24:20.644,1,308516,-57,0
2026-02-27 09:24:20.676,3,308548,-69,0
2026-02-27 09:24:20.691,2,308563,-64,0
2026-02-27 09:24:20.734,1,308606,-56,0
2026-02-27 09:24:20.740,0,308611,-71,0
2026-02-27 09:24:20.796,3,308668,-76,0
2026-02-27 09:24:20.811,2,308683,-66,0
2026-02-27 09:24:20.839,1,308711,-56,0
2026-02-27 09:24:20.844,0,308716,-71,0
2026-02-27 09:24:20.901,2,308773,-66,0
2026-02-27 09:24:20.916,3,308788,-73,0
2026-02-27 09:24:20.934,0,308806,-73,0
2026-02-27 09:24:20.944,1,308816,-54,0
2026-02-27 09:24:21.021,2,308893,-66,0
2026-02-27 09:24:21.036,3,308908,-66,0
2026-02-27 09:24:21.039,0,308911,-68,0
2026-02-27 09:24:21.049,1,308921,-56,0
2026-02-27 09:24:21.111,2,308983,-66,0
2026-02-27 09:24:21.127,3,308998,-67,0
2026-02-27 09:24:21.139,1,309011,-57,0
2026-02-27 09:24:21.144,0,309016,-70,0
2026-02-27 09:24:21.186,3,309058,-67,0
2026-02-27 09:24:21.201,2,309073,-67,0
2026-02-27 09:24:21.234,0,309106,-70,0
2026-02-27 09:24:21.244,1,309116,-54,0
2026-02-27 09:24:21.306,3,309178,-69,0
2026-02-27 09:24:21.321,2,309193,-64,0
2026-02-27 09:24:21.339,0,309211,-68,0
2026-02-27 09:24:21.349,1,309221,-56,0
2026-02-27 09:24:21.396,3,309268,-68,0
2026-02-27 09:24:21.411,2,309283,-68,0
2026-02-27 09:24:21.439,1,309311,-54,0
2026-02-27 09:24:21.444,0,309316,-69,0
2026-02-27 09:24:21.501,2,309373,-67,0
2026-02-27 09:24:21.516,3,309388,-69,0
2026-02-27 09:24:21.544,1,309416,-55,0
2026-02-27 09:24:21.549,0,309422,-70,0
2026-02-27 09:24:21.606,3,309478,-68,0
2026-02-27 09:24:21.621,2,309493,-67,0
2026-02-27 09:24:21.639,0,309512,-70,0
2026-02-27 09:24:21.649,1,309522,-54,0
2026-02-27 09:24:21.696,3,309569,-68,0
2026-02-27 09:24:21.741,2,309614,-71,0
2026-02-27 09:24:21.754,1,309627,-56,0
2026-02-27 09:24:21.759,0,309632,-69,0
2026-02-27 09:24:21.801,2,309674,-67,0
2026-02-27 09:24:21.816,3,309688,-68,0
2026-02-27 09:24:21.844,1,309717,-57,0
2026-02-27 09:24:21.850,0,309722,-73,0
2026-02-27 09:24:21.906,3,309779,-76,0
2026-02-27 09:24:21.921,2,309794,-66,0
2026-02-27 09:24:21.924,0,309797,-74,0
2026-02-27 09:24:21.949,1,309822,-56,0
2026-02-27 09:24:22.011,2,309884,-65,0
2026-02-27 09:24:22.026,3,309899,-72,0
2026-02-27 09:24:22.044,0,309917,-70,0
2026-02-27 09:24:22.054,1,309927,-55,0
2026-02-27 09:24:22.086,3,309959,-68,0
2026-02-27 09:24:22.101,2,309974,-63,0
2026-02-27 09:24:22.144,1,310017,-56,0
2026-02-27 09:24:22.148,0,310022,-69,0
2026-02-27 09:24:22.206,3,310079,-67,0
2026-02-27 09:24:22.221,2,310094,-65,0
2026-02-27 09:24:22.239,0,310112,-69,0
2026-02-27 09:24:22.249,1,310122,-54,0
2026-02-27 09:24:22.311,2,310184,-64,0
2026-02-27 09:24:22.326,3,310199,-72,0
2026-02-27 09:24:22.354,1,310227,-55,0
2026-02-27 09:24:22.359,0,310232,-67,0
2026-02-27 09:24:22.401,2,310274,-68,0
2026-02-27 09:24:22.416,3,310289,-67,0
2026-02-27 09:24:22.449,0,310322,-73,0
2026-02-27 09:24:22.459,1,310332,-57,0
2026-02-27 09:24:22.521,2,310394,-66,0
2026-02-27 09:24:22.536,3,310409,-65,0
2026-02-27 09:24:22.550,1,310422,-58,0
2026-02-27 09:24:22.554,0,310427,-68,0
2026-02-27 09:24:22.596,3,310469,-72,0
2026-02-27 09:24:22.611,2,310484,-68,0
2026-02-27 09:24:22.629,0,310502,-69,0
2026-02-27 09:24:22.654,1,310527,-57,0
2026-02-27 09:24:22.716,3,310589,-71,0
2026-02-27 09:24:22.731,2,310604,-68,0
2026-02-27 09:24:22.749,0,310622,-67,0
2026-02-27 09:24:22.758,1,310632,-55,0
2026-02-27 09:24:22.806,3,310679,-65,0
2026-02-27 09:24:22.821,2,310694,-68,0
2026-02-27 09:24:22.848,1,310722,-56,0
2026-02-27 09:24:22.854,0,310727,-68,0
2026-02-27 09:24:22.911,2,310784,-66,0
2026-02-27 09:24:22.926,3,310799,-65,0
2026-02-27 09:24:22.944,0,310817,-68,0
2026-02-27 09:24:22.954,1,310827,-55,0
2026-02-27 09:24:23.031,2,310904,-63,0
2026-02-27 09:24:23.046,3,310919,-68,0
2026-02-27 09:24:23.049,0,310922,-68,0
2026-02-27 09:24:23.059,1,310932,-55,0
2026-02-27 09:24:23.106,3,310979,-65,0
2026-02-27 09:24:23.121,2,310994,-64,0
2026-02-27 09:24:23.149,1,311022,-56,0
2026-02-27 09:24:23.154,0,311027,-71,0
2026-02-27 09:24:23.211,2,311084,-66,0
2026-02-27 09:24:23.226,3,311099,-70,0
2026-02-27 09:24:23.254,1,311127,-58,0
2026-02-27 09:24:23.274,0,311147,-68,0
2026-02-27 09:24:23.331,2,311204,-69,0
2026-02-27 09:24:23.346,3,311219,-69,0
2026-02-27 09:24:23.349,0,311222,-68,0
2026-02-27 09:24:23.358,1,311232,-57,0
2026-02-27 09:24:23.406,3,311279,-65,0
2026-02-27 09:24:23.421,2,311294,-66,0
2026-02-27 09:24:23.449,1,311322,-58,0
2026-02-27 09:24:23.453,0,311327,-69,0
2026-02-27 09:24:23.511,2,311384,-70,0
2026-02-27 09:24:23.526,3,311399,-65,0
2026-02-27 09:24:23.554,1,311427,-55,0
2026-02-27 09:24:23.558,0,311432,-67,0
2026-02-27 09:24:23.616,3,311490,-67,0
2026-02-27 09:24:23.631,2,311504,-68,0
2026-02-27 09:24:23.634,0,311507,-66,0
2026-02-27 09:24:23.659,1,311532,-58,0
2026-02-27 09:24:23.721,2,311594,-69,0
2026-02-27 09:24:23.754,0,311627,-70,0
2026-02-27 09:24:23.764,1,311637,-58,0
2026-02-27 09:24:23.766,3,311640,-64,0
2026-02-27 09:24:23.811,2,311684,-66,0
2026-02-27 09:24:23.826,3,311700,-71,0
2026-02-27 09:24:23.854,1,311727,-55,0
2026-02-27 09:24:23.859,0,311732,-69,0
2026-02-27 09:24:23.931,2,311804,-69,0
2026-02-27 09:24:23.946,3,311820,-65,0
2026-02-27 09:24:23.949,0,311822,-68,0
2026-02-27 09:24:23.960,1,311832,-56,0
2026-02-27 09:24:24.006,3,311880,-64,0
2026-02-27 09:24:24.021,2,311894,-66,0
2026-02-27 09:24:24.054,0,311927,-66,0
2026-02-27 09:24:24.064,1,311937,-56,0
2026-02-27 09:24:24.111,2,311985,-69,0
2026-02-27 09:24:24.126,3,312000,-66,0
2026-02-27 09:24:24.154,1,312027,-57,0
2026-02-27 09:24:24.159,0,312032,-67,0
2026-02-27 09:24:24.216,3,312090,-69,0
2026-02-27 09:24:24.231,2,312105,-66,0
2026-02-27 09:24:24.259,1,312132,-58,0
2026-02-27 09:24:24.264,0,312137,-68,0
2026-02-27 09:24:24.321,2,312195,-66,0
2026-02-27 09:24:24.336,3,312210,-64,0
2026-02-27 09:24:24.339,0,312212,-68,0
2026-02-27 09:24:24.363,1,312237,-55,0
2026-02-27 09:24:24.411,2,312285,-69,0
2026-02-27 09:24:24.426,3,312300,-65,0
2026-02-27 09:24:24.458,0,312332,-74,0
2026-02-27 09:24:24.468,1,312342,-52,0
2026-02-27 09:24:24.516,3,312390,-70,0
2026-02-27 09:24:24.531,2,312405,-68,0
2026-02-27 09:24:24.559,1,312432,-54,0
2026-02-27 09:24:24.565,0,312437,-70,0
2026-02-27 09:24:24.621,2,312495,-65,0
2026-02-27 09:24:24.636,3,312510,-67,0
2026-02-27 09:24:24.654,0,312528,-66,0
2026-02-27 09:24:24.663,1,312537,-57,0
2026-02-27 09:24:24.726,3,312600,-73,0
2026-02-27 09:24:24.741,2,312615,-70,0
2026-02-27 09:24:24.758,0,312633,-67,0
2026-02-27 09:24:24.768,1,312643,-54,0
2026-02-27 09:24:24.816,3,312690,-65,0
2026-02-27 09:24:24.831,2,312705,-65,0
2026-02-27 09:24:24.859,1,312733,-57,0
2026-02-27 09:24:24.878,0,312753,-74,0
2026-02-27 09:24:24.921,2,312795,-64,0
2026-02-27 09:24:24.936,3,312810,-68,0
2026-02-27 09:24:24.963,1,312838,-54,0
2026-02-27 09:24:24.983,0,312858,-69,0
2026-02-27 09:24:25.027,3,312901,-75,0
2026-02-27 09:24:25.041,2,312915,-73,0
2026-02-27 09:24:25.058,0,312933,-71,0
2026-02-27 09:24:25.069,1,312943,-53,0
2026-02-27 09:24:25.116,3,312991,-67,0
2026-02-27 09:24:25.131,2,313005,-65,0
2026-02-27 09:24:25.164,0,313038,-67,0
2026-02-27 09:24:25.173,1,313048,-55,0
2026-02-27 09:24:25.221,2,313095,-68,0
2026-02-27 09:24:25.236,3,313110,-67,0
2026-02-27 09:24:25.263,1,313138,-56,0
2026-02-27 09:24:25.269,0,313143,-68,0
2026-02-27 09:24:25.326,3,313200,-65,0
2026-02-27 09:24:25.341,2,313215,-68,0
2026-02-27 09:24:25.358,0,313233,-70,0
2026-02-27 09:24:25.369,1,313243,-55,0
2026-02-27 09:24:25.431,2,313305,-63,0
2026-02-27 09:24:25.446,3,313320,-67,0
2026-02-27 09:24:25.463,0,313338,-71,0
2026-02-27 09:24:25.473,1,313348,-54,0
2026-02-27 09:24:25.521,2,313395,-66,0
2026-02-27 09:24:25.536,3,313411,-66,0
2026-02-27 09:24:25.563,1,313438,-54,0
2026-02-27 09:24:25.568,0,313443,-68,0
2026-02-27 09:24:25.626,3,313501,-72,0
2026-02-27 09:24:25.641,2,313515,-64,0
2026-02-27 09:24:25.669,1,313543,-56,0
2026-02-27 09:24:25.674,0,313548,-66,0
2026-02-27 09:24:25.731,2,313605,-69,0
2026-02-27 09:24:25.746,3,313621,-71,0
2026-02-27 09:24:25.749,0,313623,-67,0
2026-02-27 09:24:25.773,1,313648,-56,0
2026-02-27 09:24:25.836,3,313711,-64,0
2026-02-27 09:24:25.851,2,313725,-70,0
2026-02-27 09:24:25.868,0,313743,-68,0
2026-02-27 09:24:25.879,1,313753,-55,0
2026-02-27 09:24:25.926,3,313801,-67,0
2026-02-27 09:24:25.941,2,313815,-65,0
2026-02-27 09:24:25.968,1,313843,-54,0
2026-02-27 09:24:25.973,0,313848,-72,0
2026-02-27 09:24:26.031,2,313905,-64,0
2026-02-27 09:24:26.046,3,313921,-73,0
2026-02-27 09:24:26.063,0,313938,-68,0
2026-02-27 09:24:26.073,1,313948,-55,0
2026-02-27 09:24:26.136,3,314011,-66,0
2026-02-27 09:24:26.151,2,314025,-69,0
2026-02-27 09:24:26.168,0,314043,-71,0
2026-02-27 09:24:26.178,1,314053,-54,0
2026-02-27 09:24:26.226,3,314101,-68,0
2026-02-27 09:24:26.241,2,314115,-66,0
2026-02-27 09:24:26.268,1,314143,-56,0
2026-02-27 09:24:26.274,0,314148,-69,0
2026-02-27 09:24:26.331,2,314205,-66,0
2026-02-27 09:24:26.346,3,314221,-65,0
2026-02-27 09:24:26.373,1,314248,-54,0
2026-02-27 09:24:26.379,0,314253,-70,0
2026-02-27 09:24:26.436,3,314311,-66,0
2026-02-27 09:24:26.451,2,314325,-67,0
2026-02-27 09:24:26.468,0,314343,-69,0
2026-02-27 09:24:26.478,1,314353,-56,0
2026-02-27 09:24:26.527,3,314401,-68,0
2026-02-27 09:24:26.541,2,314415,-65,0
2026-02-27 09:24:26.568,1,314443,-53,0
2026-02-27 09:24:26.574,0,314448,-69,0
2026-02-27 09:24:26.631,2,314505,-64,0
2026-02-27 09:24:26.646,3,314521,-70,0
2026-02-27 09:24:26.673,1,314548,-54,0
2026-02-27 09:24:26.678,0,314553,-68,0
2026-02-27 09:24:26.736,3,314611,-65,0
2026-02-27 09:24:26.751,2,314625,-65,0
2026-02-27 09:24:26.768,0,314643,-67,0
2026-02-27 09:24:26.778,1,314653,-55,0
2026-02-27 09:24:26.841,2,314715,-67,0
2026-02-27 09:24:26.857,3,314731,-66,0
2026-02-27 09:24:26.873,0,314748,-66,0
2026-02-27 09:24:26.883,1,314758,-54,0
2026-02-27 09:24:26.931,2,314806,-64,0
2026-02-27 09:24:26.946,3,314821,-67,0
2026-02-27 09:24:26.973,1,314848,-57,0
2026-02-27 09:24:26.978,0,314853,-68,0
2026-02-27 09:24:27.037,3,314911,-66,0
2026-02-27 09:24:27.051,2,314926,-64,0
2026-02-27 09:24:27.078,1,314953,-53,0
2026-02-27 09:24:27.083,0,314958,-70,0
2026-02-27 09:24:27.141,2,315016,-67,0
2026-02-27 09:24:27.157,3,315031,-65,0
2026-02-27 09:24:27.173,0,315048,-67,0
2026-02-27 09:24:27.185,1,315058,-54,0
2026-02-27 09:24:27.231,2,315106,-67,0
2026-02-27 09:24:27.246,3,315121,-72,0
2026-02-27 09:24:27.278,0,315153,-74,0
2026-02-27 09:24:27.288,1,315163,-55,0
2026-02-27 09:24:27.337,3,315212,-65,0
2026-02-27 09:24:27.351,2,315226,-68,0
2026-02-27 09:24:27.378,1,315253,-55,0
2026-02-27 09:24:27.384,0,315258,-71,0
2026-02-27 09:24:27.427,3,315302,-66,0
2026-02-27 09:24:27.441,2,315316,-65,0
2026-02-27 09:24:27.473,0,315348,-72,0
2026-02-27 09:24:27.483,1,315358,-55,0
2026-02-27 09:24:27.547,3,315422,-68,0
2026-02-27 09:24:27.561,2,315436,-67,0
2026-02-27 09:24:27.578,0,315453,-75,0
2026-02-27 09:24:27.588,1,315463,-57,0
2026-02-27 09:24:27.621,2,315496,-68,0
2026-02-27 09:24:27.637,3,315512,-64,0
2026-02-27 09:24:27.678,1,315553,-56,0
2026-02-27 09:24:27.683,0,315558,-67,0
2026-02-27 09:24:27.741,2,315616,-69,0
2026-02-27 09:24:27.757,3,315632,-75,0
2026-02-27 09:24:27.783,1,315658,-54,0
2026-02-27 09:24:27.788,0,315663,-68,0
2026-02-27 09:24:27.847,3,315722,-67,0
2026-02-27 09:24:27.861,2,315736,-67,0
2026-02-27 09:24:27.878,0,315753,-73,0
2026-02-27 09:24:27.888,1,315763,-56,0
2026-02-27 09:24:27.936,3,315812,-71,0
2026-02-27 09:24:27.951,2,315826,-65,0
2026-02-27 09:24:27.978,1,315853,-55,0
2026-02-27 09:24:27.983,0,315858,-69,0
2026-02-27 09:24:28.041,2,315916,-69,0
2026-02-27 09:24:28.057,3,315932,-68,0
2026-02-27 09:24:28.083,1,315958,-56,0
2026-02-27 09:24:28.088,0,315963,-65,0
2026-02-27 09:24:28.147,3,316022,-68,0
2026-02-27 09:24:28.161,2,316036,-66,0
2026-02-27 09:24:28.178,0,316054,-66,0
2026-02-27 09:24:28.188,1,316063,-55,0
2026-02-27 09:24:28.237,3,316112,-72,0
2026-02-27 09:24:28.250,2,316126,-67,0
2026-02-27 09:24:28.283,0,316159,-66,0
2026-02-27 09:24:28.293,1,316168,-57,0
2026-02-27 09:24:28.341,2,316216,-66,0
2026-02-27 09:24:28.357,3,316232,-66,0
2026-02-27 09:24:28.383,1,316259,-56,0
2026-02-27 09:24:28.388,0,316264,-70,0
2026-02-27 09:24:28.447,3,316322,-73,0
2026-02-27 09:24:28.461,2,316336,-69,0
2026-02-27 09:24:28.488,1,316364,-54,0
2026-02-27 09:24:28.494,0,316369,-65,0
2026-02-27 09:24:28.551,2,316426,-68,0
2026-02-27 09:24:28.567,3,316442,-66,0
2026-02-27 09:24:28.583,0,316459,-67,0
2026-02-27 09:24:28.593,1,316469,-55,0
2026-02-27 09:24:28.641,2,316516,-70,0
2026-02-27 09:24:28.657,3,316532,-65,0
2026-02-27 09:24:28.683,1,316559,-58,0
2026-02-27 09:24:28.688,0,316564,-70,0
2026-02-27 09:24:28.747,3,316622,-65,0
2026-02-27 09:24:28.789,1,316664,-56,0
2026-02-27 09:24:28.791,2,316666,-68,0
2026-02-27 09:24:28.794,0,316669,-67,0
2026-02-27 09:24:28.851,2,316726,-67,0
2026-02-27 09:24:28.867,3,316742,-71,0
2026-02-27 09:24:28.883,0,316759,-67,0
2026-02-27 09:24:28.893,1,316769,-54,0
2026-02-27 09:24:28.941,2,316816,-67,0
2026-02-27 09:24:28.957,3,316832,-65,0
2026-02-27 09:24:28.988,0,316864,-66,0
2026-02-27 09:24:28.998,1,316874,-55,0
2026-02-27 09:24:29.047,3,316922,-75,0
2026-02-27 09:24:29.061,2,316936,-67,0
2026-02-27 09:24:29.088,1,316964,-57,0
2026-02-27 09:24:29.093,0,316969,-67,0
2026-02-27 09:24:29.151,2,317026,-69,0
2026-02-27 09:24:29.167,3,317042,-65,0
2026-02-27 09:24:29.193,1,317069,-54,0
2026-02-27 09:24:29.199,0,317074,-65,0
2026-02-27 09:24:29.257,3,317133,-72,0
2026-02-27 09:24:29.270,2,317146,-73,0
2026-02-27 09:24:29.288,0,317164,-65,0
2026-02-27 09:24:29.298,1,317174,-56,0
2026-02-27 09:24:29.331,2,317207,-68,0
2026-02-27 09:24:29.347,3,317223,-72,0
2026-02-27 09:24:29.388,1,317264,-54,0
2026-02-27 09:24:29.395,0,317269,-66,0
2026-02-27 09:24:29.451,2,317327,-66,0
2026-02-27 09:24:29.467,3,317343,-67,0
2026-02-27 09:24:29.493,1,317369,-56,0
2026-02-27 09:24:29.513,0,317389,-67,0
2026-02-27 09:24:29.571,2,317446,-66,0
2026-02-27 09:24:29.587,3,317463,-72,0
2026-02-27 09:24:29.598,1,317474,-55,0
2026-02-27 09:24:29.603,0,317479,-64,0
2026-02-27 09:24:29.647,3,317523,-74,0
2026-02-27 09:24:29.661,2,317537,-66,0
2026-02-27 09:24:29.703,1,317579,-56,0
2026-02-27 09:24:29.723,0,317599,-65,0
2026-02-27 09:24:29.751,2,317627,-67,0
2026-02-27 09:24:29.767,3,317643,-68,0
2026-02-27 09:24:29.793,1,317669,-54,0
2026-02-27 09:24:29.813,0,317689,-66,0
2026-02-27 09:24:29.857,3,317733,-68,0
2026-02-27 09:24:29.871,2,317747,-67,0
2026-02-27 09:24:29.898,1,317774,-56,0
2026-02-27 09:24:29.933,0,317809,-69,0
2026-02-27 09:24:29.946,2,317822,-68,0
2026-02-27 09:24:29.977,3,317853,-72,0
2026-02-27 09:24:30.003,1,317879,-56,0
2026-02-27 09:24:30.021,2,317897,-66,0
2026-02-27 09:24:30.023,0,317899,-67,0
2026-02-27 09:24:30.067,3,317943,-65,0
2026-02-27 09:24:30.093,1,317969,-56,0
2026-02-27 09:24:30.113,0,317989,-66,0
2026-02-27 09:24:30.125,2,318002,-68,0
2026-02-27 09:24:30.157,3,318033,-67,0
2026-02-27 09:24:30.198,1,318074,-53,0
2026-02-27 09:24:30.231,2,318107,-66,0
2026-02-27 09:24:30.233,0,318109,-75,0
2026-02-27 09:24:30.277,3,318153,-73,0
2026-02-27 09:24:30.303,1,318179,-55,0
2026-02-27 09:24:30.321,2,318197,-66,0
2026-02-27 09:24:30.323,0,318199,-65,0
2026-02-27 09:24:30.367,3,318243,-68,0
2026-02-27 09:24:30.408,1,318284,-57,0
2026-02-27 09:24:30.413,0,318289,-63,0
2026-02-27 09:24:30.426,2,318302,-68,0
2026-02-27 09:24:30.457,3,318333,-67,0
2026-02-27 09:24:30.498,1,318374,-56,0
2026-02-27 09:24:30.531,2,318407,-67,0
2026-02-27 09:24:30.533,0,318410,-66,0
2026-02-27 09:24:30.577,3,318453,-66,0
2026-02-27 09:24:30.603,1,318479,-56,0
2026-02-27 09:24:30.623,0,318499,-69,0
2026-02-27 09:24:30.636,2,318512,-68,0
2026-02-27 09:24:30.667,3,318543,-66,0
2026-02-27 09:24:30.708,1,318584,-56,0
2026-02-27 09:24:30.713,0,318589,-68,0
2026-02-27 09:24:30.726,2,318602,-67,0
2026-02-27 09:24:30.757,3,318633,-73,0
2026-02-27 09:24:30.813,1,318689,-56,0
2026-02-27 09:24:30.831,2,318707,-67,0
2026-02-27 09:24:30.833,0,318710,-68,0
2026-02-27 09:24:30.903,1,318779,-55,0
2026-02-27 09:24:30.907,3,318783,-73,0
2026-02-27 09:24:30.923,0,318799,-69,0
2026-02-27 09:24:30.936,2,318812,-66,0
2026-02-27 09:24:30.967,3,318843,-66,0
2026-02-27 09:24:31.008,1,318884,-56,0
2026-02-27 09:24:31.013,0,318890,-68,0
2026-02-27 09:24:31.026,2,318902,-66,0
2026-02-27 09:24:31.057,3,318934,-70,0
2026-02-27 09:24:31.113,1,318989,-56,0
2026-02-27 09:24:31.131,2,319007,-66,0
2026-02-27 09:24:31.133,0,319010,-65,0
2026-02-27 09:24:31.177,3,319054,-73,0
2026-02-27 09:24:31.203,1,319079,-55,0
2026-02-27 09:24:31.223,0,319100,-64,0
2026-02-27 09:24:31.236,2,319112,-70,0
2026-02-27 09:24:31.267,3,319144,-66,0
2026-02-27 09:24:31.308,1,319184,-55,0
2026-02-27 09:24:31.314,0,319190,-65,0
2026-02-27 09:24:31.326,2,319202,-68,0
2026-02-27 09:24:31.357,3,319234,-68,0
2026-02-27 09:24:31.413,1,319289,-56,0
2026-02-27 09:24:31.431,2,319307,-69,0
2026-02-27 09:24:31.433,0,319310,-70,0
2026-02-27 09:24:31.477,3,319354,-67,0
2026-02-27 09:24:31.503,1,319379,-57,0
2026-02-27 09:24:31.523,0,319400,-68,0
2026-02-27 09:24:31.535,2,319412,-65,0
2026-02-27 09:24:31.567,3,319444,-74,0
2026-02-27 09:24:31.608,1,319484,-55,0
2026-02-27 09:24:31.613,0,319490,-67,0
2026-02-27 09:24:31.641,2,319517,-66,0
2026-02-27 09:24:31.713,1,319590,-55,0
2026-02-27 09:24:31.731,2,319607,-66,0
2026-02-27 09:24:31.733,0,319610,-67,0
2026-02-27 09:24:31.803,1,319680,-56,0
2026-02-27 09:24:31.835,2,319712,-72,0
2026-02-27 09:24:31.853,0,319730,-66,0
2026-02-27 09:24:31.908,1,319785,-57,0
2026-02-27 09:24:31.941,2,319818,-66,0
2026-02-27 09:24:31.943,0,319820,-65,0
2026-02-27 09:24:32.013,1,319890,-55,0
2026-02-27 09:24:32.031,2,319908,-67,0
2026-02-27 09:24:32.033,0,319910,-65,0
2026-02-27 09:24:32.103,1,319980,-54,0
2026-02-27 09:24:32.123,0,320000,-67,0
2026-02-27 09:24:32.135,2,320013,-67,0
2026-02-27 09:24:32.208,1,320085,-53,0
2026-02-27 09:24:32.243,0,320120,-70,0
2026-02-27 09:24:32.271,2,320148,-66,0
2026-02-27 09:24:32.313,1,320190,-55,0
2026-02-27 09:24:32.333,0,320210,-67,0
2026-02-27 09:24:32.361,2,320238,-65,0
2026-02-27 09:24:32.418,1,320295,-55,0
2026-02-27 09:24:32.423,0,320300,-70,0
2026-02-27 09:24:32.481,2,320358,-67,0
2026-02-27 09:24:32.508,1,320385,-56,0
2026-02-27 09:24:32.513,0,320390,-67,0
2026-02-27 09:24:32.571,2,320448,-69,0
2026-02-27 09:24:32.613,1,320490,-57,0
2026-02-27 09:24:32.633,0,320510,-65,0
2026-02-27 09:24:32.661,2,320538,-68,0
2026-02-27 09:24:32.718,1,320595,-54,0
2026-02-27 09:24:32.723,0,320600,-69,0
2026-02-27 09:24:32.751,2,320628,-67,0
2026-02-27 09:24:32.807,1,320685,-55,0
2026-02-27 09:24:32.813,0,320690,-67,0
2026-02-27 09:24:32.870,2,320748,-67,0
2026-02-27 09:24:32.913,1,320790,-55,0
2026-02-27 09:24:32.933,0,320810,-70,0
2026-02-27 09:24:32.960,2,320838,-67,0
2026-02-27 09:24:33.017,1,320895,-55,0
2026-02-27 09:24:33.023,0,320900,-67,0
2026-02-27 09:24:33.050,2,320928,-67,0
2026-02-27 09:24:33.113,0,320990,-69,0
2026-02-27 09:24:33.123,1,321000,-56,0
2026-02-27 09:24:33.171,2,321048,-69,0
2026-02-27 09:24:33.212,1,321090,-54,0
2026-02-27 09:24:33.233,0,321110,-71,0
2026-02-27 09:24:33.260,2,321138,-66,0
2026-02-27 09:24:33.318,1,321195,-54,0
2026-02-27 09:24:33.323,0,321200,-72,0
2026-02-27 09:24:33.350,2,321228,-70,0
2026-02-27 09:24:33.413,0,321290,-69,0
2026-02-27 09:24:33.422,1,321300,-55,0
2026-02-27 09:24:33.470,2,321348,-66,0
2026-02-27 09:24:33.512,1,321390,-55,0
2026-02-27 09:24:33.533,0,321410,-69,0
2026-02-27 09:24:33.560,2,321438,-72,0
2026-02-27 09:24:33.618,1,321495,-56,0
2026-02-27 09:24:33.622,0,321500,-69,0
2026-02-27 09:24:33.650,2,321528,-66,0
2026-02-27 09:24:33.699,0,321576,-69,0
2026-02-27 09:24:33.737,1,321615,-55,0
2026-02-27 09:24:33.803,0,321680,-67,0
2026-02-27 09:24:33.815,2,321693,-65,0
2026-02-27 09:24:33.828,1,321705,-57,0
2026-02-27 09:24:33.906,2,321783,-67,0
2026-02-27 09:24:33.908,0,321786,-68,0
2026-02-27 09:24:33.917,1,321795,-55,0
2026-02-27 09:24:33.998,0,321875,-67,0
2026-02-27 09:24:34.022,1,321900,-58,0
2026-02-27 09:24:34.025,2,321903,-68,0
2026-02-27 09:24:34.086,2,321963,-64,0
2026-02-27 09:24:34.103,0,321981,-67,0
2026-02-27 09:24:34.128,1,322006,-53,0
2026-02-27 09:24:34.175,2,322053,-68,0
2026-02-27 09:24:34.208,0,322086,-68,0
2026-02-27 09:24:34.218,1,322095,-57,0
2026-02-27 09:24:34.265,2,322143,-68,0
2026-02-27 09:24:34.298,0,322176,-66,0
2026-02-27 09:24:34.322,1,322200,-57,0
2026-02-27 09:24:34.355,2,322233,-69,0
2026-02-27 09:25:14.074,2,361970,-58,0
2026-02-27 09:25:14.104,2,362000,-60,0
2026-02-27 09:25:14.133,2,362030,-62,0
2026-02-27 09:25:14.164,2,362060,-58,0
2026-02-27 09:25:14.194,2,362090,-62,0
2026-02-27 09:25:14.224,2,362120,-64,0
2026-02-27 09:25:14.254,2,362150,-60,0
2026-02-27 09:25:14.284,2,362180,-63,0
2026-02-27 09:25:14.314,2,362210,-62,0
2026-02-27 09:25:14.344,2,362240,-61,0
2026-02-27 09:25:14.404,2,362300,-60,0
2026-02-27 09:25:14.434,2,362330,-60,0
2026-02-27 09:25:14.463,2,362360,-58,0
2026-02-27 09:25:14.494,2,362390,-62,0
2026-02-27 09:25:14.524,2,362420,-59,0
2026-02-27 09:25:14.554,2,362450,-62,0
2026-02-27 09:25:14.583,2,362480,-59,0
